timestamp,model,gt,pred,chamfer,fscore@0.01,precision@0.01,recall@0.01,fscore@0.02,precision@0.02,recall@0.02,normal_consistency,volume_iou,pred_triangles,pred_vertices,pred_watertight,pred_boundary_edges,pred_nonmanifold_edges,pred_components
2026-08-23T00:36:20,hunyuan_m130_elev0,obj01_dr500.stl,obj01.glb,0.018132,0.839892,0.88816,0.7966,0.929456,0.98578,0.87922,0.875377,0.825443,2010342,1003889,False,4,3727,1
2026-08-23T00:36:32,hunyuan_m130_elev0,obj02_motor_smk.stl,obj02.glb,0.035477,0.404595,0.42955,0.38238,0.67748,0.71354,0.64489,0.635121,0.768192,788470,393170,False,5,3107,1
2026-08-23T00:36:44,hunyuan_m130_elev0,obj03_agl5h18.stl,obj03.glb,0.040066,0.353404,0.40525,0.31332,0.611459,0.69459,0.5461,0.5941,0.583548,643426,320519,False,9,3369,3
2026-08-23T00:36:58,hunyuan_m130_elev0,obj04_indexer_110da.stl,obj04.glb,0.036216,0.430991,0.45953,0.40579,0.684457,0.72884,0.64517,0.651094,0.721829,975196,485792,False,8,5290,1
2026-08-23T00:37:10,hunyuan_m130_elev0,obj05_softbrake_7347.stl,obj05.glb,0.095111,0.275164,0.4371,0.20078,0.423026,0.61061,0.32361,0.59915,0.175724,1123240,559576,False,17,6012,13
2026-08-23T00:37:26,hunyuan_m130_elev0,obj06_swivel_dsh.stl,obj06.glb,0.032172,0.419716,0.46686,0.38122,0.726255,0.81818,0.6529,0.656416,0.70571,2093316,1042042,False,37,12756,6
2026-08-23T00:37:44,hunyuan_m130_elev0,obj07_pmpf_pump.stl,obj07.glb,0.029355,0.394936,0.41239,0.3789,0.774709,0.79179,0.75835,0.855726,0.801817,1043212,519517,False,5,6149,1
2026-08-23T00:37:58,hunyuan_m130_elev0,obj08_air_bearing.stl,obj08.glb,0.037072,0.477258,0.6138,0.39041,0.747015,0.92704,0.62554,0.732876,0.850033,1693504,844961,False,9,5306,21
2026-08-23T00:38:11,hunyuan_m130_elev0,obj09_flangebearing_ssucf.stl,obj09.glb,0.025746,0.611003,0.64388,0.58132,0.834601,0.86871,0.80307,0.769955,0.664821,1545946,771767,False,21,3522,8
2026-08-23T00:38:22,hunyuan_m130_elev0,obj10_pillowblock_ucpx1.stl,obj10.glb,0.028952,0.519696,0.66535,0.42636,0.706777,0.87554,0.59256,0.710414,0.719616,668602,332997,False,34,3694,1
2026-08-23T00:38:37,hunyuan_m130_elev0,obj11_gearbox_ec05.stl,obj11.glb,0.038705,0.381009,0.48211,0.31496,0.632592,0.69027,0.58381,0.587751,0.259208,1009618,502461,False,22,6950,4
2026-08-23T00:39:00,hunyuan_m130_elev0,obj12_actuator_ra120sr.stl,obj12.glb,0.050269,0.306024,0.72366,0.19404,0.520081,0.98026,0.35393,0.691166,0.884916,903042,446864,False,44,12405,7
2026-08-23T00:39:19,hunyuan_m130_elev0,obj13_gripper_sgm.stl,obj13.glb,0.041957,0.381566,0.59603,0.2806,0.59421,0.79219,0.4754,0.583827,0.767624,1664816,826017,False,46,18291,5
2026-08-23T00:39:29,hunyuan_m130_elev0,obj14_gripper_sngv.stl,obj14.glb,0.020263,0.591874,0.71865,0.50312,0.858756,0.94927,0.784,0.621908,0.568732,332432,164364,False,4,5158,1
2026-08-23T00:39:45,hunyuan_m130_elev0,obj15_gripper_swgm.stl,obj15.glb,0.083657,0.224805,0.22925,0.22053,0.406788,0.39575,0.41846,0.513039,0.252916,1563986,779548,False,23,7129,1
2026-08-23T00:39:54,hunyuan_m130_elev0,obj16_gripper_gsfga.stl,obj16.glb,0.022217,0.627449,0.94722,0.46909,0.858654,0.99085,0.75758,0.854172,0.763325,403614,200902,False,1,2445,1
2026-08-23T00:40:04,hunyuan_m130_elev0,obj17_adapterplate_nl12.stl,obj17.glb,0.016695,0.532335,0.56176,0.50584,0.994023,0.99676,0.9913,0.784995,0.758099,1215826,607134,False,0,2109,1
2026-08-23T00:40:14,hunyuan_m130_elev0,obj18_flangeplate_e43006.stl,obj18.glb,0.009088,0.8999,0.90592,0.89396,0.986888,0.98947,0.98432,0.921357,0.757538,936020,467589,False,1,1227,1
2026-08-23T00:40:34,hunyuan_m130_elev0,obj19_hingedbushing_cl5040.stl,obj19.glb,0.062099,0.263916,0.28418,0.24635,0.46765,0.47765,0.45806,0.601325,0.463611,672314,332026,False,8,11710,4
2026-08-23T00:40:51,hunyuan_m130_elev0,obj20_enclosure_rspro.stl,obj20.glb,0.096984,0.308089,0.37847,0.25978,0.486128,0.49599,0.47665,0.549404,0.098488,597484,298048,False,2,2043,1
2026-08-23T00:41:05,hunyuan_m130_elev0,obj21_enclosure_camdenboss.stl,obj21.glb,0.034321,0.562188,0.63509,0.5043,0.687632,0.75648,0.63027,0.548825,0.284051,752950,374236,False,24,6167,1
2026-08-23T00:41:13,hunyuan_m130_elev0,obj22_junctionbox_23nct1.stl,obj22.glb,0.028576,0.55826,0.806,0.42701,0.746705,0.95091,0.6147,0.674332,0.673664,343122,171103,False,4,1361,1
2026-08-23T00:41:22,hunyuan_m130_elev0,obj23_gasspring_kgl28.stl,obj23.glb,0.004298,0.944255,0.95043,0.93816,0.9965,0.99866,0.99435,0.909783,0.910351,92014,45766,False,0,720,1
2026-08-23T00:41:36,hunyuan_m130_elev0,obj24_manifold_hm031p024s.stl,obj24.glb,0.11559,0.102859,0.11706,0.09173,0.209438,0.24181,0.18471,0.574424,0.463767,1619052,809266,False,0,713,1
2026-08-23T00:42:03,hunyuan_m130_elev0,obj25_valveblock_ad03pb042s.stl,obj25.glb,0.117541,0.185469,0.14044,0.273,0.356585,0.28652,0.47201,0.530016,0.129123,8407972,3917984,False,101,789036,1136
2026-08-23T00:42:13,hunyuan_m130_elev0,obj26_flywheel_gdfl.stl,obj26.glb,0.009367,0.917174,0.9671,0.87215,0.965125,0.99,0.94147,0.798639,0.858873,939280,468277,False,20,3813,1
2026-08-23T00:42:18,hunyuan_m130_elev0,obj27_vbeltpulley_spb17b.stl,obj27.glb,0.015904,0.839118,0.7321,0.98278,0.901224,0.82109,0.99869,0.558994,0.52545,996008,497276,False,3,2101,1
2026-08-23T00:42:28,hunyuan_m130_elev0,obj28_conveyorroller_600.stl,obj28.glb,0.006067,0.999485,1.0,0.99897,1.0,1.0,1.0,0.983952,0.918029,208912,104376,False,0,243,1
2026-08-23T00:42:49,hunyuan_m130_elev0,obj29_telescopicslide_ahh150.stl,obj29.glb,0.010267,0.808566,1.0,0.67865,1.0,1.0,1.0,0.81013,0.659586,182132,90936,False,0,395,1
2026-08-23T00:42:56,hunyuan_m130_elev0,obj30_turnbuckle_vrh10.stl,obj30.glb,0.007469,0.870345,0.99682,0.77235,0.999269,1.0,0.99854,0.871178,0.856859,102556,50966,False,0,908,1
2026-08-23T00:43:10,hunyuan_m130_elev20,obj01_dr500.stl,obj01.glb,0.02365,0.558753,0.60049,0.52244,0.87568,0.93238,0.82548,0.83359,0.767733,2231220,1114697,False,0,2701,1
2026-08-23T00:43:23,hunyuan_m130_elev20,obj02_motor_smk.stl,obj02.glb,0.024377,0.617494,0.66646,0.57523,0.863604,0.92162,0.81246,0.721032,0.857445,821024,408577,False,17,5684,2
2026-08-23T00:43:36,hunyuan_m130_elev20,obj03_agl5h18.stl,obj03.glb,0.062922,0.242963,0.276,0.21699,0.452863,0.4948,0.41748,0.530164,0.410983,659148,327120,False,9,7131,2
2026-08-23T00:43:49,hunyuan_m130_elev20,obj04_indexer_110da.stl,obj04.glb,0.023998,0.512127,0.51851,0.5059,0.816524,0.84763,0.78762,0.761433,0.804177,1303262,648073,False,20,10391,7
2026-08-23T00:44:00,hunyuan_m130_elev20,obj05_softbrake_7347.stl,obj05.glb,0.034489,0.405927,0.61562,0.30279,0.661971,0.82684,0.55192,0.678639,0.734061,1372714,683781,False,47,7359,7
2026-08-23T00:44:15,hunyuan_m130_elev20,obj06_swivel_dsh.stl,obj06.glb,0.036158,0.367422,0.43118,0.32009,0.650965,0.74926,0.57547,0.671377,0.739114,2209396,1101166,False,12,10437,3
2026-08-23T00:44:32,hunyuan_m130_elev20,obj07_pmpf_pump.stl,obj07.glb,0.018555,0.716725,0.71676,0.71669,0.924796,0.9266,0.923,0.87953,0.871853,1128190,562112,False,11,5868,3
2026-08-23T00:44:45,hunyuan_m130_elev20,obj08_air_bearing.stl,obj08.glb,0.034153,0.514845,0.66467,0.42014,0.731095,0.8941,0.61836,0.71218,0.86089,1773524,883265,False,12,10341,31
2026-08-23T00:44:58,hunyuan_m130_elev20,obj09_flangebearing_ssucf.stl,obj09.glb,0.019953,0.618457,0.64485,0.59414,0.892503,0.90792,0.8776,0.764097,0.755108,1517016,757669,False,6,2464,1
2026-08-23T00:45:08,hunyuan_m130_elev20,obj10_pillowblock_ucpx1.stl,obj10.glb,0.018146,0.728845,0.84786,0.63913,0.866412,0.95563,0.79243,0.79944,0.833139,721004,359715,False,2,2262,1
2026-08-23T00:45:22,hunyuan_m130_elev20,obj11_gearbox_ec05.stl,obj11.glb,0.036084,0.396367,0.53071,0.3163,0.649659,0.75184,0.57193,0.590079,0.243313,945468,470294,False,25,7052,6
2026-08-23T00:45:43,hunyuan_m130_elev20,obj12_actuator_ra120sr.stl,obj12.glb,0.049222,0.3277,0.79913,0.20611,0.50794,0.99163,0.34141,0.709888,0.905188,898504,446986,False,15,6361,1
2026-08-23T00:46:01,hunyuan_m130_elev20,obj13_gripper_sgm.stl,obj13.glb,0.054404,0.211429,0.30193,0.16267,0.411553,0.54029,0.33236,0.575035,0.684102,1564836,777180,False,42,15029,8
2026-08-23T00:46:13,hunyuan_m130_elev20,obj14_gripper_sngv.stl,obj14.glb,0.01494,0.733659,0.79969,0.6777,0.961186,0.98428,0.93915,0.671946,0.726952,421654,208886,False,4,5371,1
2026-08-23T00:46:30,hunyuan_m130_elev20,obj15_gripper_swgm.stl,obj15.glb,0.082499,0.243232,0.25133,0.23564,0.43197,0.42598,0.43813,0.518894,0.224589,1592334,791481,False,39,13276,4
2026-08-23T00:46:39,hunyuan_m130_elev20,obj16_gripper_gsfga.stl,obj16.glb,0.023388,0.58239,0.7966,0.45897,0.846932,0.96532,0.75441,0.784,0.629637,456148,226822,False,10,3650,3
2026-08-23T00:46:48,hunyuan_m130_elev20,obj17_adapterplate_nl12.stl,obj17.glb,0.014477,0.762736,0.78663,0.74025,0.99962,0.99973,0.99951,0.833211,0.798359,1233520,616040,False,1,1956,1
2026-08-23T00:46:59,hunyuan_m130_elev20,obj18_flangeplate_e43006.stl,obj18.glb,0.010097,0.887889,0.89103,0.88477,0.977164,0.97642,0.97791,0.918181,0.729091,940642,470038,False,0,820,1
2026-08-23T00:47:24,hunyuan_m130_elev20,obj19_hingedbushing_cl5040.stl,obj19.glb,0.055584,0.294033,0.32013,0.27187,0.505541,0.53024,0.48304,0.645432,0.50802,742748,367008,False,76,12598,1
2026-08-23T00:47:36,hunyuan_m130_elev20,obj20_enclosure_rspro.stl,obj20.glb,0.017016,0.796935,0.78768,0.80641,0.907775,0.94178,0.87614,0.820368,0.493145,859930,428844,False,3,3251,1
2026-08-23T00:47:49,hunyuan_m130_elev20,obj21_enclosure_camdenboss.stl,obj21.glb,0.011893,0.851744,0.80617,0.90278,0.96606,0.94588,0.98712,0.807368,0.426571,1080674,537708,False,24,7222,2
2026-08-23T00:47:59,hunyuan_m130_elev20,obj22_junctionbox_23nct1.stl,obj22.glb,0.02631,0.56307,0.70618,0.46819,0.81892,0.96273,0.71249,0.550736,0.657051,533408,261076,False,54,16134,3
2026-08-23T00:48:07,hunyuan_m130_elev20,obj23_gasspring_kgl28.stl,obj23.glb,0.004233,0.93838,0.94628,0.93061,0.993649,0.99465,0.99265,0.910108,0.910099,91950,45752,False,0,670,1
2026-08-23T00:48:22,hunyuan_m130_elev20,obj24_manifold_hm031p024s.stl,obj24.glb,0.030582,0.285044,0.29231,0.27813,0.858825,0.8547,0.86299,0.79726,0.775585,1489090,742540,False,12,5824,12
2026-08-23T00:48:31,hunyuan_m130_elev20,obj25_valveblock_ad03pb042s.stl,obj25.glb,0.022698,0.587565,0.61671,0.56105,0.854152,0.90373,0.80973,0.783028,0.832586,817552,406119,False,17,7782,3
2026-08-23T00:48:41,hunyuan_m130_elev20,obj26_flywheel_gdfl.stl,obj26.glb,0.00827,0.917215,0.9567,0.88086,0.977792,0.99208,0.96391,0.812997,0.872283,1019738,508106,False,19,5022,1
2026-08-23T00:48:48,hunyuan_m130_elev20,obj27_vbeltpulley_spb17b.stl,obj27.glb,0.009487,0.941279,0.92529,0.95783,0.992109,0.991,0.99322,0.747255,0.642638,782470,390035,False,7,3496,1
2026-08-23T00:48:56,hunyuan_m130_elev20,obj28_conveyorroller_600.stl,obj28.glb,0.006835,0.99931,1.0,0.99862,1.0,1.0,1.0,0.987205,0.909696,212060,105862,False,4,477,1
2026-08-23T00:49:18,hunyuan_m130_elev20,obj29_telescopicslide_ahh150.stl,obj29.glb,0.009001,0.864067,0.99996,0.76069,1.0,1.0,1.0,0.837159,0.786427,226296,111189,False,9,5760,1
2026-08-23T00:49:25,hunyuan_m130_elev20,obj30_turnbuckle_vrh10.stl,obj30.glb,0.008883,0.85267,0.96772,0.76207,0.998784,1.0,0.99757,0.837518,0.781865,104384,51852,False,0,994,1
2026-08-23T00:49:41,trellis_sv_m130_elev0,obj01_dr500.stl,obj01.glb,0.055069,0.256252,0.20552,0.34024,0.468177,0.40817,0.54887,0.508159,0.302157,1653796,826838,True,0,0,1
2026-08-23T00:49:55,trellis_sv_m130_elev0,obj02_motor_smk.stl,obj02.glb,0.042454,0.378974,0.32024,0.46409,0.668037,0.62385,0.71896,0.654348,0.421914,596104,298060,True,0,0,5
2026-08-23T00:50:13,trellis_sv_m130_elev0,obj03_agl5h18.stl,obj03.glb,0.080603,0.181843,0.13666,0.27166,0.331171,0.2484,0.49667,0.501837,0.075303,1124056,561896,False,8,0,3
2026-08-23T00:50:27,trellis_sv_m130_elev0,obj04_indexer_110da.stl,obj04.glb,0.051258,0.395388,0.34741,0.45874,0.604345,0.59255,0.61662,0.613328,0.623886,763246,381614,False,4,0,2
2026-08-23T00:50:37,trellis_sv_m130_elev0,obj05_softbrake_7347.stl,obj05.glb,0.066642,0.319569,0.37625,0.27773,0.493064,0.54944,0.44718,0.567629,0.227869,523684,261844,True,0,0,8
2026-08-23T00:50:53,trellis_sv_m130_elev0,obj06_swivel_dsh.stl,obj06.glb,0.055903,0.278671,0.25882,0.30182,0.477201,0.4855,0.46918,0.592737,0.123102,1301080,650510,True,0,0,5
2026-08-23T00:51:17,trellis_sv_m130_elev0,obj07_pmpf_pump.stl,obj07.glb,0.068963,0.284742,0.26258,0.31099,0.440755,0.42689,0.45555,0.697903,0.566642,671782,335928,False,32,0,22
2026-08-23T00:51:31,trellis_sv_m130_elev0,obj08_air_bearing.stl,obj08.glb,0.057657,0.270304,0.28654,0.25581,0.536461,0.56593,0.50991,0.6319,0.107658,1588392,793992,True,0,0,6
2026-08-23T00:51:43,trellis_sv_m130_elev0,obj09_flangebearing_ssucf.stl,obj09.glb,0.048089,0.288202,0.25111,0.33815,0.509137,0.49803,0.52075,0.490526,0.208093,838680,419342,True,0,0,4
2026-08-23T00:51:52,trellis_sv_m130_elev0,obj10_pillowblock_ucpx1.stl,obj10.glb,0.052374,0.351196,0.44061,0.29195,0.555566,0.71088,0.45595,0.563219,0.297633,284804,142422,True,0,0,19
2026-08-23T00:52:08,trellis_sv_m130_elev0,obj11_gearbox_ec05.stl,obj11.glb,0.065162,0.279473,0.2615,0.3001,0.445819,0.40799,0.49138,0.559055,0.118528,967516,483646,True,0,0,19
2026-08-23T00:52:31,trellis_sv_m130_elev0,obj12_actuator_ra120sr.stl,obj12.glb,0.047654,0.399366,0.44829,0.36007,0.599798,0.63029,0.57212,0.547466,0.215048,1115252,557530,True,0,0,27
2026-08-23T00:52:47,trellis_sv_m130_elev0,obj13_gripper_sgm.stl,obj13.glb,0.111332,0.248168,0.48302,0.16698,0.388925,0.76152,0.26115,0.55774,0.220927,301676,150894,False,134,0,7
2026-08-23T00:53:00,trellis_sv_m130_elev0,obj14_gripper_sngv.stl,obj14.glb,0.072444,0.188533,0.15097,0.25098,0.334492,0.279,0.41754,0.566196,0.109,266328,133126,True,0,0,2
2026-08-23T00:53:12,trellis_sv_m130_elev0,obj15_gripper_swgm.stl,obj15.glb,0.02824,0.494939,0.43714,0.57035,0.752295,0.71716,0.79105,0.57262,0.280893,1119380,559724,False,242,0,29
2026-08-23T00:53:21,trellis_sv_m130_elev0,obj16_gripper_gsfga.stl,obj16.glb,0.044242,0.301789,0.33647,0.27359,0.552954,0.62679,0.49468,0.764757,0.549553,273400,136700,True,0,0,1
2026-08-23T00:53:33,trellis_sv_m130_elev0,obj17_adapterplate_nl12.stl,obj17.glb,0.206574,0.077013,0.06286,0.09939,0.151883,0.12226,0.20045,0.450291,0.038284,2017944,1008768,True,0,0,17
2026-08-23T00:53:40,trellis_sv_m130_elev0,obj18_flangeplate_e43006.stl,obj18.glb,0.047177,0.656187,0.64458,0.66822,0.725563,0.72423,0.7269,0.670065,0.426072,414820,207416,True,0,0,3
2026-08-23T00:54:18,trellis_sv_m130_elev0,obj19_hingedbushing_cl5040.stl,obj19.glb,0.149467,0.097123,0.06468,0.19487,0.177995,0.12477,0.31041,0.562652,0.183733,914232,457128,False,22,0,4
2026-08-23T00:54:33,trellis_sv_m130_elev0,obj20_enclosure_rspro.stl,obj20.glb,0.132124,0.265467,0.61192,0.1695,0.421865,0.7121,0.29971,0.532432,0.096644,276060,138090,False,222,0,5
2026-08-23T00:54:56,trellis_sv_m130_elev0,obj21_enclosure_camdenboss.stl,obj21.glb,0.151217,0.083622,0.06048,0.13545,0.144169,0.10841,0.21513,0.450782,0.03639,1392184,695948,True,0,0,11
2026-08-23T00:55:05,trellis_sv_m130_elev0,obj22_junctionbox_23nct1.stl,obj22.glb,0.084394,0.397412,0.36912,0.4304,0.53857,0.46774,0.63468,0.449809,0.351298,701580,350786,True,0,0,2
2026-08-23T00:55:14,trellis_sv_m130_elev0,obj23_gasspring_kgl28.stl,obj23.glb,0.069446,0.419565,0.44141,0.39978,0.680685,0.68018,0.68119,0.681709,0.373415,74432,37218,True,0,0,2
2026-08-23T00:55:27,trellis_sv_m130_elev0,obj24_manifold_hm031p024s.stl,obj24.glb,0.088754,0.101329,0.0941,0.10976,0.155106,0.16476,0.14652,0.722895,0.605805,936836,468422,True,0,0,2
2026-08-23T00:55:39,trellis_sv_m130_elev0,obj25_valveblock_ad03pb042s.stl,obj25.glb,0.074739,0.293507,0.26828,0.32397,0.462828,0.50238,0.42905,0.592095,0.13665,562460,281212,True,0,0,16
2026-08-23T00:55:47,trellis_sv_m130_elev0,obj26_flywheel_gdfl.stl,obj26.glb,0.019571,0.667807,0.73826,0.60963,0.873705,0.90436,0.84506,0.719437,0.652831,568524,284248,True,0,0,2
2026-08-23T00:56:06,trellis_sv_m130_elev0,obj27_vbeltpulley_spb17b.stl,obj27.glb,0.160243,0.113357,0.07971,0.19616,0.189698,0.14171,0.28683,0.58809,0.048838,716474,358242,False,4,0,2
2026-08-23T00:56:18,trellis_sv_m130_elev0,obj28_conveyorroller_600.stl,obj28.glb,0.015393,0.754221,0.69045,0.83097,0.914595,0.909,0.92026,0.924503,0.308274,150282,75140,False,4,0,1
2026-08-23T00:56:39,trellis_sv_m130_elev0,obj29_telescopicslide_ahh150.stl,obj29.glb,0.152111,0.154483,0.12051,0.21513,0.227887,0.16221,0.38293,0.527672,0.056284,678266,339140,False,50,0,1
2026-08-23T00:57:00,trellis_sv_m130_elev0,obj30_turnbuckle_vrh10.stl,obj30.glb,0.105535,0.551126,0.52446,0.58065,0.642332,0.60037,0.6906,0.586129,0.265972,69232,34612,True,0,0,2
2026-08-23T00:57:13,trellis_mv_m130,obj01_dr500.stl,obj01.glb,0.137795,0.130053,0.214,0.09341,0.23139,0.41877,0.15986,0.490933,0.078211,460172,230072,True,0,0,1
2026-08-23T00:57:28,trellis_mv_m130,obj02_motor_smk.stl,obj02.glb,0.034777,0.460615,0.37817,0.58903,0.734539,0.67098,0.8114,0.649582,0.286523,546796,273402,True,0,0,5
2026-08-23T00:57:40,trellis_mv_m130,obj03_agl5h18.stl,obj03.glb,0.07576,0.262889,0.42342,0.19062,0.46094,0.71984,0.33901,0.52309,0.123007,265340,132624,True,0,0,4
2026-08-23T00:57:54,trellis_mv_m130,obj04_indexer_110da.stl,obj04.glb,0.053446,0.35502,0.30873,0.41764,0.571383,0.55717,0.58634,0.601827,0.22101,818484,409204,False,8,0,12
2026-08-23T00:58:07,trellis_mv_m130,obj05_softbrake_7347.stl,obj05.glb,0.042875,0.442376,0.48333,0.40782,0.655656,0.664,0.64752,0.608306,0.168181,1525532,763215,False,1592,0,14
2026-08-23T00:58:23,trellis_mv_m130,obj06_swivel_dsh.stl,obj06.glb,0.056158,0.257708,0.25901,0.25642,0.480054,0.4836,0.47656,0.632782,0.110448,1390660,695290,True,0,0,10
2026-08-23T00:58:54,trellis_mv_m130,obj07_pmpf_pump.stl,obj07.glb,0.106454,0.20978,0.20616,0.21353,0.4012,0.4366,0.37111,0.622429,0.138177,761138,380588,False,20,0,27
2026-08-23T00:59:08,trellis_mv_m130,obj08_air_bearing.stl,obj08.glb,0.08103,0.200039,0.2407,0.17113,0.36046,0.43697,0.30675,0.559761,0.082878,1701204,850416,False,122,0,15
2026-08-23T00:59:23,trellis_mv_m130,obj09_flangebearing_ssucf.stl,obj09.glb,0.092196,0.158995,0.17965,0.1426,0.30168,0.33561,0.27398,0.514186,0.055103,1095736,549420,False,3444,0,18
2026-08-23T00:59:32,trellis_mv_m130,obj10_pillowblock_ucpx1.stl,obj10.glb,0.052212,0.338124,0.4345,0.27674,0.554349,0.70559,0.4565,0.55353,0.258209,243404,121818,False,228,0,9
2026-08-23T00:59:49,trellis_mv_m130,obj11_gearbox_ec05.stl,obj11.glb,0.043689,0.415442,0.37828,0.4607,0.61168,0.56497,0.66681,0.5672,0.200468,757748,378776,False,8,0,22
2026-08-23T01:00:11,trellis_mv_m130,obj12_actuator_ra120sr.stl,obj12.glb,0.070215,0.318695,0.37966,0.2746,0.462848,0.51751,0.41863,0.554753,0.159953,996980,498430,True,0,0,13
2026-08-23T01:00:27,trellis_mv_m130,obj13_gripper_sgm.stl,obj13.glb,0.055251,0.352906,0.55775,0.25811,0.541073,0.78038,0.41409,0.577157,0.130805,487188,243616,False,50,0,1
2026-08-23T01:00:38,trellis_mv_m130,obj14_gripper_sngv.stl,obj14.glb,0.051934,0.347762,0.33764,0.35851,0.564742,0.59156,0.54025,0.536911,0.205846,356320,178140,True,0,0,18
2026-08-23T01:00:51,trellis_mv_m130,obj15_gripper_swgm.stl,obj15.glb,0.025026,0.568164,0.51945,0.62696,0.788791,0.77254,0.80574,0.674032,0.359945,1234730,617370,False,196,0,18
2026-08-23T01:00:59,trellis_mv_m130,obj16_gripper_gsfga.stl,obj16.glb,0.019054,0.652186,0.73507,0.5861,0.897815,0.95452,0.84747,0.784971,0.616608,210708,105362,True,0,0,4
2026-08-23T01:01:09,trellis_mv_m130,obj17_adapterplate_nl12.stl,obj17.glb,0.193843,0.090906,0.07341,0.11935,0.175807,0.14376,0.22624,0.445611,0.05252,1781730,890800,False,4,0,3
2026-08-23T01:01:18,trellis_mv_m130,obj18_flangeplate_e43006.stl,obj18.glb,0.025107,0.84091,0.93029,0.7672,0.873784,0.96725,0.79679,0.836524,0.587104,487932,243954,True,0,0,2
2026-08-23T01:01:39,trellis_mv_m130,obj19_hingedbushing_cl5040.stl,obj19.glb,0.072227,0.257643,0.23876,0.27977,0.413285,0.40387,0.42315,0.545692,0.182554,478276,239092,True,0,0,1
2026-08-23T01:01:54,trellis_mv_m130,obj20_enclosure_rspro.stl,obj20.glb,0.07258,0.191042,0.1835,0.19923,0.326031,0.30157,0.35481,0.537831,0.142332,562024,280992,True,0,0,5
2026-08-23T01:02:09,trellis_mv_m130,obj21_enclosure_camdenboss.stl,obj21.glb,0.076676,0.200151,0.1686,0.24623,0.308473,0.28369,0.338,0.416008,0.0763,567578,283776,False,14,0,4
2026-08-23T01:02:18,trellis_mv_m130,obj22_junctionbox_23nct1.stl,obj22.glb,0.087375,0.290658,0.25431,0.33913,0.477476,0.40988,0.57177,0.493172,0.338016,678488,339238,True,0,0,1
2026-08-23T01:02:30,trellis_mv_m130,obj23_gasspring_kgl28.stl,obj23.glb,0.009858,0.834994,0.72775,0.97931,0.987767,0.97583,1.0,0.93249,0.82452,41892,20950,True,0,0,2
2026-08-23T01:02:43,trellis_mv_m130,obj24_manifold_hm031p024s.stl,obj24.glb,0.106643,0.238871,0.20889,0.2789,0.321809,0.28687,0.36644,0.622193,0.064421,1977008,991548,False,6134,0,8
2026-08-23T01:02:54,trellis_mv_m130,obj25_valveblock_ad03pb042s.stl,obj25.glb,0.224324,0.03163,0.02585,0.04074,0.069418,0.05941,0.08348,0.493007,0.227205,1555690,780898,False,6094,0,5
2026-08-23T01:03:03,trellis_mv_m130,obj26_flywheel_gdfl.stl,obj26.glb,0.029225,0.517447,0.48069,0.56029,0.760524,0.70173,0.83007,0.59483,0.219055,658744,329396,False,130,0,3
2026-08-23T01:03:22,trellis_mv_m130,obj27_vbeltpulley_spb17b.stl,obj27.glb,0.169858,0.086462,0.0553,0.19808,0.145348,0.09977,0.26759,0.589371,0.054927,1221464,610742,True,0,0,5
2026-08-23T01:03:33,trellis_mv_m130,obj28_conveyorroller_600.stl,obj28.glb,0.012294,0.806409,0.69074,0.96861,0.988254,0.97678,1.0,0.956561,0.867318,105472,52740,True,0,0,2
2026-08-23T01:03:53,trellis_mv_m130,obj29_telescopicslide_ahh150.stl,obj29.glb,0.153922,0.15173,0.11603,0.21916,0.222887,0.15758,0.38064,0.532473,0.04997,678600,339310,False,22,0,2
2026-08-23T01:04:17,trellis_mv_m130,obj30_turnbuckle_vrh10.stl,obj30.glb,0.116824,0.433055,0.4724,0.39976,0.57471,0.55794,0.59252,0.534428,0.164595,62028,31016,True,0,0,6
2026-08-23T01:04:30,trellis_sv_nometode,obj01_dr500.stl,obj01.glb,0.102255,0.178569,0.16321,0.19712,0.325277,0.32691,0.32366,0.602251,0.113119,818644,409322,True,0,0,2
2026-08-23T01:04:39,trellis_sv_nometode,obj02_motor_smk.stl,obj02.glb,0.024974,0.585998,0.56966,0.6033,0.829848,0.8546,0.80649,0.719145,0.18562,452832,226418,True,0,0,3
2026-08-23T01:04:57,trellis_sv_nometode,obj03_agl5h18.stl,obj03.glb,0.09067,0.180418,0.12955,0.29706,0.304579,0.22685,0.46334,0.486333,0.081698,1156668,578040,True,0,0,20
2026-08-23T01:05:10,trellis_sv_nometode,obj04_indexer_110da.stl,obj04.glb,0.054794,0.408116,0.39799,0.41877,0.633691,0.67908,0.59399,0.632426,0.151816,638326,319168,False,4,0,4
2026-08-23T01:05:20,trellis_sv_nometode,obj05_softbrake_7347.stl,obj05.glb,0.07771,0.288516,0.41462,0.22123,0.479699,0.66142,0.37631,0.488863,0.196518,385916,192964,True,0,0,14
2026-08-23T01:05:34,trellis_sv_nometode,obj06_swivel_dsh.stl,obj06.glb,0.086324,0.208279,0.22671,0.19262,0.362104,0.41533,0.32097,0.558052,0.086066,667980,333974,True,0,0,8
2026-08-23T01:06:02,trellis_sv_nometode,obj07_pmpf_pump.stl,obj07.glb,0.119393,0.141359,0.15891,0.1273,0.266248,0.31076,0.23289,0.663665,0.112706,290420,145220,True,0,0,9
2026-08-23T01:06:15,trellis_sv_nometode,obj08_air_bearing.stl,obj08.glb,0.066793,0.246036,0.28653,0.21557,0.420894,0.52521,0.35115,0.635071,0.124434,722928,361436,False,22,0,10
2026-08-23T01:06:26,trellis_sv_nometode,obj09_flangebearing_ssucf.stl,obj09.glb,0.038608,0.422977,0.43091,0.41533,0.643092,0.7046,0.59146,0.633504,0.644935,704016,352014,True,0,0,3
2026-08-23T01:06:36,trellis_sv_nometode,obj10_pillowblock_ucpx1.stl,obj10.glb,0.040608,0.432133,0.4367,0.42766,0.689451,0.73316,0.65066,0.566921,0.364408,405964,202970,True,0,0,15
2026-08-23T01:06:51,trellis_sv_nometode,obj11_gearbox_ec05.stl,obj11.glb,0.070161,0.23479,0.21001,0.2662,0.397119,0.35649,0.4482,0.591726,0.099458,815336,407574,True,0,0,10
2026-08-23T01:07:11,trellis_sv_nometode,obj12_actuator_ra120sr.stl,obj12.glb,0.038931,0.420004,0.64983,0.31027,0.632859,0.87945,0.49427,0.607148,0.203797,362008,181128,False,338,0,7
2026-08-23T01:07:27,trellis_sv_nometode,obj13_gripper_sgm.stl,obj13.glb,0.113236,0.241743,0.4795,0.16161,0.376036,0.75753,0.25009,0.554518,0.21476,274568,137358,True,0,0,42
2026-08-23T01:07:40,trellis_sv_nometode,obj14_gripper_sngv.stl,obj14.glb,0.062885,0.340255,0.3435,0.33707,0.544946,0.60294,0.49713,0.56119,0.305358,147356,73660,True,0,0,4
2026-08-23T01:07:51,trellis_sv_nometode,obj15_gripper_swgm.stl,obj15.glb,0.027378,0.49779,0.4477,0.5605,0.853193,0.85845,0.848,0.646705,0.394375,827248,413606,True,0,0,37
2026-08-23T01:08:01,trellis_sv_nometode,obj16_gripper_gsfga.stl,obj16.glb,0.041296,0.353968,0.36963,0.33958,0.579374,0.60493,0.55589,0.699404,0.499944,326060,163012,True,0,0,3
2026-08-23T01:08:12,trellis_sv_nometode,obj17_adapterplate_nl12.stl,obj17.glb,0.215444,0.074869,0.06333,0.09155,0.151168,0.12724,0.18618,0.43504,0.038754,1761990,880840,False,10,0,8
2026-08-23T01:08:22,trellis_sv_nometode,obj18_flangeplate_e43006.stl,obj18.glb,0.045504,0.385054,0.3229,0.47684,0.627594,0.63385,0.62146,0.685127,0.206511,477020,238482,True,0,0,4
2026-08-23T01:08:45,trellis_sv_nometode,obj19_hingedbushing_cl5040.stl,obj19.glb,0.079439,0.22899,0.17719,0.32359,0.385334,0.32072,0.48255,0.471868,0.174759,428808,214478,True,0,0,52
2026-08-23T01:09:02,trellis_sv_nometode,obj20_enclosure_rspro.stl,obj20.glb,0.119765,0.165248,0.22322,0.13118,0.273555,0.38225,0.21299,0.563537,0.06163,189656,94842,True,0,0,7
2026-08-23T01:09:18,trellis_sv_nometode,obj21_enclosure_camdenboss.stl,obj21.glb,0.077878,0.177191,0.14638,0.22443,0.296895,0.25069,0.36398,0.570728,0.105343,637340,318656,False,8,0,7
2026-08-23T01:09:27,trellis_sv_nometode,obj22_junctionbox_23nct1.stl,obj22.glb,0.093755,0.231559,0.20321,0.2691,0.390759,0.34795,0.44558,0.437525,0.172349,607340,303630,True,0,0,1
2026-08-23T01:09:41,trellis_sv_nometode,obj23_gasspring_kgl28.stl,obj23.glb,0.02429,0.564222,0.46657,0.71357,0.801761,0.71594,0.91096,0.681513,0.484992,49964,24982,True,0,0,2
2026-08-23T01:09:52,trellis_sv_nometode,obj24_manifold_hm031p024s.stl,obj24.glb,0.034122,0.655927,0.62869,0.68563,0.828565,0.97627,0.71968,0.830616,0.175058,598120,299060,True,0,0,1
2026-08-23T01:10:02,trellis_sv_nometode,obj25_valveblock_ad03pb042s.stl,obj25.glb,0.102598,0.135832,0.14163,0.13049,0.252286,0.28495,0.22634,0.547617,0.105343,465672,232858,True,0,0,32
2026-08-23T01:10:11,trellis_sv_nometode,obj26_flywheel_gdfl.stl,obj26.glb,0.017089,0.731458,0.76888,0.69751,0.917537,0.95881,0.87967,0.699735,0.358445,492856,246376,True,0,0,1
2026-08-23T01:10:18,trellis_sv_nometode,obj27_vbeltpulley_spb17b.stl,obj27.glb,0.028623,0.576014,0.45312,0.79038,0.767672,0.63092,0.98011,0.53053,0.356527,511688,255846,True,0,0,9
2026-08-23T01:10:27,trellis_sv_nometode,obj28_conveyorroller_600.stl,obj28.glb,0.012684,0.820292,0.6963,0.99801,0.963312,0.92922,1.0,0.950329,0.873,106044,53026,True,0,0,2
2026-08-23T01:10:45,trellis_sv_nometode,obj29_telescopicslide_ahh150.stl,obj29.glb,0.088376,0.418395,0.31883,0.60838,0.493324,0.35373,0.81492,0.458683,0.187632,194710,97358,False,4,0,1
2026-08-23T01:10:53,trellis_sv_nometode,obj30_turnbuckle_vrh10.stl,obj30.glb,0.008184,0.95857,0.98165,0.93655,0.998934,1.0,0.99787,0.787428,0.613367,26192,13094,True,0,0,1
2026-08-23T01:11:06,triposr_sv_m130_elev0,obj01_dr500.stl,obj01.glb,0.085279,0.17952,0.2096,0.15699,0.34904,0.40868,0.30459,0.547563,0.330742,166088,83175,False,520,0,2
2026-08-23T01:11:18,triposr_sv_m130_elev0,obj02_motor_smk.stl,obj02.glb,0.067895,0.194214,0.19772,0.19083,0.396883,0.401,0.39285,0.626184,0.603111,104640,52397,False,292,0,2
2026-08-23T01:11:34,triposr_sv_m130_elev0,obj03_agl5h18.stl,obj03.glb,0.09338,0.130482,0.13919,0.1228,0.255209,0.25476,0.25566,0.511342,0.353031,103368,51763,False,316,0,1
2026-08-23T01:11:47,triposr_sv_m130_elev0,obj04_indexer_110da.stl,obj04.glb,0.055742,0.295551,0.30898,0.28324,0.543929,0.56454,0.52477,0.687077,0.670982,104496,52348,False,392,0,1
2026-08-23T01:11:55,triposr_sv_m130_elev0,obj05_softbrake_7347.stl,obj05.glb,0.087633,0.124283,0.1967,0.09084,0.215707,0.28045,0.17525,0.643691,0.520109,87516,43838,False,324,5,1
2026-08-23T01:12:09,triposr_sv_m130_elev0,obj06_swivel_dsh.stl,obj06.glb,0.077612,0.162176,0.20337,0.13486,0.319678,0.38575,0.27293,0.609041,0.612164,170360,85316,False,532,0,2
2026-08-23T01:12:26,triposr_sv_m130_elev0,obj07_pmpf_pump.stl,obj07.glb,0.052274,0.295779,0.33162,0.26693,0.53031,0.59344,0.47932,0.751423,0.678334,99724,49933,False,274,0,3
2026-08-23T01:12:36,triposr_sv_m130_elev0,obj08_air_bearing.stl,obj08.glb,0.054776,0.311062,0.40119,0.254,0.549303,0.67671,0.46227,0.704629,0.406286,195012,97673,False,580,0,17
2026-08-23T01:12:48,triposr_sv_m130_elev0,obj09_flangebearing_ssucf.stl,obj09.glb,0.07814,0.15891,0.18376,0.13998,0.331378,0.38852,0.28889,0.586451,0.468885,149992,75090,False,352,0,8
2026-08-23T01:12:57,triposr_sv_m130_elev0,obj10_pillowblock_ucpx1.stl,obj10.glb,0.043403,0.338551,0.49278,0.25785,0.589373,0.79048,0.46984,0.650136,0.47838,65760,32937,False,228,0,3
2026-08-23T01:13:13,triposr_sv_m130_elev0,obj11_gearbox_ec05.stl,obj11.glb,0.090256,0.109758,0.13278,0.09354,0.227881,0.26415,0.20037,0.637674,0.246378,168576,84431,False,594,0,2
2026-08-23T01:13:34,triposr_sv_m130_elev0,obj12_actuator_ra120sr.stl,obj12.glb,0.074424,0.198574,0.39265,0.13289,0.361379,0.57066,0.26441,0.648056,0.708224,118156,59151,False,266,0,3
2026-08-23T01:13:49,triposr_sv_m130_elev0,obj13_gripper_sgm.stl,obj13.glb,0.081118,0.119065,0.23946,0.07923,0.328921,0.66664,0.21832,0.644923,0.571461,88556,44355,False,300,0,1
2026-08-23T01:14:06,triposr_sv_m130_elev0,obj14_gripper_sngv.stl,obj14.glb,0.115609,0.081317,0.07715,0.08596,0.156446,0.13735,0.18171,0.604842,0.265836,64920,32515,False,222,6,1
2026-08-23T01:14:17,triposr_sv_m130_elev0,obj15_gripper_swgm.stl,obj15.glb,0.083622,0.184448,0.21571,0.1611,0.326321,0.36556,0.29469,0.557562,0.30332,93468,46834,False,408,0,3
2026-08-23T01:14:31,triposr_sv_m130_elev0,obj16_gripper_gsfga.stl,obj16.glb,0.092863,0.196747,0.22328,0.17585,0.322854,0.31445,0.33172,0.630853,0.356232,71248,35654,False,120,4,1
2026-08-23T01:14:40,triposr_sv_m130_elev0,obj17_adapterplate_nl12.stl,obj17.glb,0.035183,0.426843,0.5123,0.36582,0.648395,0.76627,0.56195,0.66934,0.431524,121608,60865,False,378,0,1
2026-08-23T01:14:52,triposr_sv_m130_elev0,obj18_flangeplate_e43006.stl,obj18.glb,0.083146,0.196154,0.20763,0.18588,0.298238,0.31602,0.28235,0.618998,0.331711,62056,31066,False,128,0,3
2026-08-23T01:15:19,triposr_sv_m130_elev0,obj19_hingedbushing_cl5040.stl,obj19.glb,0.06283,0.153444,0.16142,0.14622,0.395719,0.42625,0.36927,0.649692,0.370024,64852,32481,False,212,0,1
2026-08-23T01:15:33,triposr_sv_m130_elev0,obj20_enclosure_rspro.stl,obj20.glb,0.056975,0.376387,0.46241,0.31735,0.579185,0.53884,0.62606,0.686483,0.17519,77316,38741,False,340,0,1
2026-08-23T01:15:44,triposr_sv_m130_elev0,obj21_enclosure_camdenboss.stl,obj21.glb,0.074509,0.226047,0.20564,0.25095,0.298778,0.25317,0.36443,0.654378,0.11298,93904,47029,False,300,0,1
2026-08-23T01:15:52,triposr_sv_m130_elev0,obj22_junctionbox_23nct1.stl,obj22.glb,0.018214,0.631385,0.78738,0.52698,0.878367,0.99934,0.78352,0.741579,0.853018,57196,28661,False,244,0,1
2026-08-23T01:15:58,triposr_sv_m130_elev0,obj23_gasspring_kgl28.stl,obj23.glb,0.007486,0.992389,0.998,0.98684,1.0,1.0,1.0,0.941094,0.808992,9176,4594,False,16,0,1
2026-08-23T01:16:10,triposr_sv_m130_elev0,obj24_manifold_hm031p024s.stl,obj24.glb,0.051646,0.486892,0.64699,0.39031,0.6451,0.8603,0.51602,0.742252,0.688698,91612,45881,False,290,0,1
2026-08-23T01:16:16,triposr_sv_m130_elev0,obj25_valveblock_ad03pb042s.stl,obj25.glb,0.018798,0.811392,0.93834,0.7147,0.875654,0.9838,0.78893,0.82096,0.889721,71020,35597,False,308,0,5
2026-08-23T01:16:26,triposr_sv_m130_elev0,obj26_flywheel_gdfl.stl,obj26.glb,0.087682,0.196853,0.22267,0.1764,0.350747,0.34559,0.35606,0.519601,0.189888,57668,28865,False,116,0,1
2026-08-23T01:16:30,triposr_sv_m130_elev0,obj27_vbeltpulley_spb17b.stl,obj27.glb,0.093295,0.160574,0.16697,0.15465,0.307324,0.31392,0.301,0.529423,0.210349,50028,25040,False,96,0,1
2026-08-23T01:16:40,triposr_sv_m130_elev0,obj28_conveyorroller_600.stl,obj28.glb,0.017102,0.640068,0.61638,0.66565,0.913803,0.90425,0.92356,0.92637,0.76283,31800,15932,False,120,0,1
2026-08-23T01:16:59,triposr_sv_m130_elev0,obj29_telescopicslide_ahh150.stl,obj29.glb,0.042298,0.473307,0.45035,0.49873,0.66281,0.52099,0.91072,0.676905,0.363618,43776,21901,False,44,0,1
2026-08-23T01:17:05,triposr_sv_m130_elev0,obj30_turnbuckle_vrh10.stl,obj30.glb,0.007848,0.919769,0.98869,0.85983,0.99974,1.0,0.99948,0.798644,0.779596,9924,4969,False,36,0,1
2026-08-23T01:17:17,triposr_sv_nometode,obj01_dr500.stl,obj01.glb,0.103788,0.108654,0.13108,0.09278,0.247394,0.29926,0.21085,0.56009,0.263903,186568,93355,False,268,0,2
2026-08-23T01:17:30,triposr_sv_nometode,obj02_motor_smk.stl,obj02.glb,0.077976,0.160848,0.1714,0.15152,0.349261,0.35923,0.33983,0.586845,0.528736,115528,57839,False,300,5,1
2026-08-23T01:17:48,triposr_sv_nometode,obj03_agl5h18.stl,obj03.glb,0.118189,0.137848,0.1384,0.1373,0.251464,0.25092,0.25201,0.536663,0.319538,106540,53378,False,424,0,1
2026-08-23T01:18:00,triposr_sv_nometode,obj04_indexer_110da.stl,obj04.glb,0.052583,0.281952,0.30358,0.2632,0.509321,0.53761,0.48386,0.651714,0.675496,87536,43864,False,376,0,1
2026-08-23T01:18:08,triposr_sv_nometode,obj05_softbrake_7347.stl,obj05.glb,0.081238,0.133715,0.21432,0.09717,0.238401,0.31893,0.19034,0.669445,0.556621,87940,44075,False,412,0,1
2026-08-23T01:18:21,triposr_sv_nometode,obj06_swivel_dsh.stl,obj06.glb,0.088212,0.103582,0.13066,0.0858,0.242446,0.30116,0.20289,0.651874,0.595632,151572,75904,False,476,5,1
2026-08-23T01:18:41,triposr_sv_nometode,obj07_pmpf_pump.stl,obj07.glb,0.067408,0.268129,0.3154,0.23318,0.471015,0.55614,0.40849,0.750336,0.611344,86628,43374,False,216,0,3
2026-08-23T01:18:51,triposr_sv_nometode,obj08_air_bearing.stl,obj08.glb,0.066255,0.210995,0.35112,0.15081,0.420529,0.66574,0.30733,0.736039,0.764558,164564,82422,False,552,0,1
2026-08-23T01:19:01,triposr_sv_nometode,obj09_flangebearing_ssucf.stl,obj09.glb,0.062325,0.19086,0.22068,0.16814,0.384631,0.44708,0.33749,0.609089,0.516372,125532,62842,False,296,0,1
2026-08-23T01:19:10,triposr_sv_nometode,obj10_pillowblock_ucpx1.stl,obj10.glb,0.046938,0.397441,0.61594,0.29337,0.543303,0.83279,0.40316,0.707893,0.653733,60280,30195,False,212,0,1
2026-08-23T01:19:27,triposr_sv_nometode,obj11_gearbox_ec05.stl,obj11.glb,0.101024,0.072301,0.09317,0.05907,0.152007,0.18358,0.1297,0.635807,0.2309,162524,81386,False,472,0,3
2026-08-23T01:19:48,triposr_sv_nometode,obj12_actuator_ra120sr.stl,obj12.glb,0.073332,0.196864,0.46366,0.12496,0.331446,0.63203,0.22462,0.688456,0.782004,102508,51310,False,216,0,1
2026-08-23T01:20:04,triposr_sv_nometode,obj13_gripper_sgm.stl,obj13.glb,0.095719,0.117114,0.25105,0.07637,0.243594,0.45664,0.1661,0.633966,0.482255,78228,39183,False,268,0,1
2026-08-23T01:20:20,triposr_sv_nometode,obj14_gripper_sngv.stl,obj14.glb,0.09071,0.137386,0.14181,0.13323,0.292088,0.2928,0.29138,0.579335,0.336627,53328,26712,False,192,0,1
2026-08-23T01:20:31,triposr_sv_nometode,obj15_gripper_swgm.stl,obj15.glb,0.083708,0.177154,0.2287,0.14457,0.337695,0.41245,0.28588,0.557265,0.303062,83280,41722,False,312,0,2
2026-08-23T01:20:44,triposr_sv_nometode,obj16_gripper_gsfga.stl,obj16.glb,0.088291,0.192547,0.23155,0.16479,0.309003,0.32288,0.29627,0.663759,0.384648,64320,32197,False,140,0,1
2026-08-23T01:20:52,triposr_sv_nometode,obj17_adapterplate_nl12.stl,obj17.glb,0.202852,0.080365,0.07481,0.08681,0.1519,0.13703,0.17039,0.443051,0.152015,267212,133999,False,1438,0,16
2026-08-23T01:21:04,triposr_sv_nometode,obj18_flangeplate_e43006.stl,obj18.glb,0.092238,0.151776,0.1642,0.1411,0.240869,0.26039,0.22407,0.596645,0.310315,55912,27986,False,112,0,1
2026-08-23T01:21:33,triposr_sv_nometode,obj19_hingedbushing_cl5040.stl,obj19.glb,0.084276,0.07256,0.06854,0.07708,0.198498,0.19105,0.20655,0.687055,0.381396,80420,40284,False,290,6,2
2026-08-23T01:21:48,triposr_sv_nometode,obj20_enclosure_rspro.stl,obj20.glb,0.069751,0.303525,0.40321,0.24336,0.48385,0.53717,0.44016,0.639874,0.18106,70140,35139,False,268,0,1
2026-08-23T01:22:01,triposr_sv_nometode,obj21_enclosure_camdenboss.stl,obj21.glb,0.053863,0.306462,0.29388,0.32017,0.476907,0.47441,0.47943,0.680205,0.149705,87260,43691,False,236,0,1
2026-08-23T01:22:09,triposr_sv_nometode,obj22_junctionbox_23nct1.stl,obj22.glb,0.020273,0.628689,0.85881,0.49583,0.835351,0.9738,0.73137,0.74174,0.865133,49888,25011,False,256,0,1
2026-08-23T01:22:15,triposr_sv_nometode,obj23_gasspring_kgl28.stl,obj23.glb,0.009153,0.913503,0.88939,0.93896,0.998889,0.99778,1.0,0.910718,0.785397,12196,6101,False,4,0,1
2026-08-23T01:22:27,triposr_sv_nometode,obj24_manifold_hm031p024s.stl,obj24.glb,0.068841,0.374749,0.5149,0.29457,0.543279,0.76297,0.42182,0.731134,0.580377,83888,42022,False,300,0,1
2026-08-23T01:22:35,triposr_sv_nometode,obj25_valveblock_ad03pb042s.stl,obj25.glb,0.026585,0.573391,0.6947,0.48815,0.771675,0.89029,0.68095,0.796792,0.817774,66452,33290,False,248,0,1
2026-08-23T01:22:43,triposr_sv_nometode,obj26_flywheel_gdfl.stl,obj26.glb,0.051571,0.33237,0.34415,0.32137,0.544315,0.5024,0.59386,0.609547,0.306894,96428,48237,False,92,4,1
2026-08-23T01:22:52,triposr_sv_nometode,obj27_vbeltpulley_spb17b.stl,obj27.glb,0.097631,0.17396,0.19642,0.15611,0.322303,0.3527,0.29673,0.534492,0.228726,42828,21443,False,108,0,1
2026-08-23T01:23:14,triposr_sv_nometode,obj28_conveyorroller_600.stl,obj28.glb,0.080856,0.258664,0.18933,0.40812,0.381123,0.28049,0.59437,0.632127,0.30207,52296,26207,False,228,0,1
2026-08-23T01:23:36,triposr_sv_nometode,obj29_telescopicslide_ahh150.stl,obj29.glb,0.086525,0.441832,0.34831,0.60401,0.524931,0.38967,0.80402,0.533458,0.214811,56460,28257,False,36,0,11
2026-08-23T01:23:44,triposr_sv_nometode,obj30_turnbuckle_vrh10.stl,obj30.glb,0.021969,0.583262,0.57804,0.58858,0.842775,0.79278,0.8995,0.638185,0.346311,13056,6533,False,28,0,1
2026-08-23T22:00:16,hunyuan_sv_m130,obj01_dr500.stl,obj01.glb,0.061937,0.270254,0.24636,0.29928,0.437816,0.40321,0.47892,0.586878,0.506444,2900470,1448834,False,7,4076,4
2026-08-23T22:00:27,hunyuan_sv_m130,obj02_motor_smk.stl,obj02.glb,0.030192,0.490635,0.51488,0.46857,0.757078,0.79785,0.72027,0.665446,0.789458,760634,378815,False,18,4354,2
2026-08-23T22:00:40,hunyuan_sv_m130,obj03_agl5h18.stl,obj03.glb,0.100488,0.155977,0.20378,0.12634,0.287097,0.35653,0.2403,0.518228,0.188458,494984,246416,False,3,3066,1
2026-08-23T22:00:53,hunyuan_sv_m130,obj04_indexer_110da.stl,obj04.glb,0.050847,0.30375,0.31281,0.2952,0.497088,0.51969,0.47637,0.639694,0.70215,752422,376018,False,0,546,1
2026-08-23T22:01:03,hunyuan_sv_m130,obj05_softbrake_7347.stl,obj05.glb,0.047401,0.37571,0.58112,0.27759,0.570386,0.72946,0.46827,0.635908,0.709643,1153140,573482,False,35,8829,3
2026-08-23T22:01:20,hunyuan_sv_m130,obj06_swivel_dsh.stl,obj06.glb,0.055257,0.297013,0.34386,0.2614,0.48955,0.54801,0.44236,0.609885,0.686931,2249406,1116936,False,36,22708,12
2026-08-23T22:01:46,hunyuan_sv_m130,obj07_pmpf_pump.stl,obj07.glb,0.087915,0.154695,0.17717,0.13728,0.320832,0.36712,0.28491,0.66426,0.436361,865900,429676,False,50,8967,1
2026-08-23T22:02:03,hunyuan_sv_m130,obj08_air_bearing.stl,obj08.glb,0.069475,0.237985,0.31865,0.18991,0.425477,0.56281,0.34202,0.679027,0.151782,3237036,1612641,False,57,16662,1
2026-08-23T22:02:15,hunyuan_sv_m130,obj09_flangebearing_ssucf.stl,obj09.glb,0.034909,0.436989,0.49113,0.3936,0.649022,0.7446,0.57519,0.706071,0.710296,1307704,651056,False,23,8128,4
2026-08-23T22:02:29,hunyuan_sv_m130,obj10_pillowblock_ucpx1.stl,obj10.glb,0.105325,0.121563,0.11857,0.12471,0.234319,0.22453,0.245,0.556285,0.311792,1211320,602642,False,33,8570,3
2026-08-23T22:02:43,hunyuan_sv_m130,obj11_gearbox_ec05.stl,obj11.glb,0.080116,0.156986,0.18578,0.13592,0.294234,0.32242,0.27058,0.565196,0.23368,763896,378941,False,31,8675,7
2026-08-23T22:03:07,hunyuan_sv_m130,obj12_actuator_ra120sr.stl,obj12.glb,0.078848,0.21798,0.37964,0.15288,0.359112,0.52584,0.27266,0.622898,0.669746,1067114,531730,False,48,5287,9
2026-08-23T22:03:23,hunyuan_sv_m130,obj13_gripper_sgm.stl,obj13.glb,0.110387,0.219964,0.61891,0.13375,0.370896,0.90746,0.23308,0.513658,0.237093,654474,326301,False,1,2780,3
2026-08-23T22:03:34,hunyuan_sv_m130,obj14_gripper_sngv.stl,obj14.glb,0.070629,0.281649,0.48289,0.1988,0.492055,0.74838,0.36652,0.525655,0.38765,173570,85455,False,4,3799,6
2026-08-23T22:03:52,hunyuan_sv_m130,obj15_gripper_swgm.stl,obj15.glb,0.084473,0.244217,0.22383,0.26869,0.427426,0.38593,0.47892,0.514088,0.223971,2183176,1083322,False,80,23412,9
2026-08-23T22:04:05,hunyuan_sv_m130,obj16_gripper_gsfga.stl,obj16.glb,0.072707,0.225762,0.3485,0.16696,0.408114,0.55055,0.32423,0.583511,0.270866,574934,284890,False,8,6937,6
2026-08-23T22:04:21,hunyuan_sv_m130,obj17_adapterplate_nl12.stl,obj17.glb,0.204904,0.079048,0.06234,0.10799,0.156742,0.12654,0.20588,0.441393,0.056863,4309922,2148809,False,28,17296,17
2026-08-23T22:04:31,hunyuan_sv_m130,obj18_flangeplate_e43006.stl,obj18.glb,0.035503,0.633166,0.59902,0.67144,0.773389,0.73279,0.81875,0.776453,0.539079,831262,415198,False,0,1311,1
2026-08-23T22:05:03,hunyuan_sv_m130,obj19_hingedbushing_cl5040.stl,obj19.glb,0.147859,0.116985,0.12549,0.10956,0.211409,0.22601,0.19858,0.454704,0.059074,549560,272926,False,0,5527,1
2026-08-23T22:05:18,hunyuan_sv_m130,obj20_enclosure_rspro.stl,obj20.glb,0.082498,0.185911,0.2035,0.17112,0.330543,0.32665,0.33453,0.594619,0.104013,917110,458130,False,0,1160,1
2026-08-23T22:05:32,hunyuan_sv_m130,obj21_enclosure_camdenboss.stl,obj21.glb,0.039548,0.320433,0.28751,0.36187,0.645953,0.60846,0.68837,0.499411,0.166054,1119934,546581,False,66,38813,2
2026-08-23T22:05:42,hunyuan_sv_m130,obj22_junctionbox_23nct1.stl,obj22.glb,0.055134,0.383127,0.42128,0.35131,0.625069,0.63477,0.61566,0.542291,0.436217,798360,397670,False,5,4407,3
2026-08-23T22:06:08,hunyuan_sv_m130,obj23_gasspring_kgl28.stl,obj23.glb,0.277751,0.038982,0.03797,0.04005,0.068937,0.06107,0.07913,0.434458,0.009919,166834,81960,False,0,4206,1
2026-08-23T22:06:20,hunyuan_sv_m130,obj24_manifold_hm031p024s.stl,obj24.glb,0.149853,0.063455,0.06902,0.05872,0.126377,0.13761,0.11684,0.592933,0.395128,2362586,1179576,False,1,4692,1
2026-08-23T22:06:29,hunyuan_sv_m130,obj25_valveblock_ad03pb042s.stl,obj25.glb,0.126606,0.107203,0.11206,0.10275,0.213396,0.22291,0.20466,0.560403,0.346436,1206772,603374,False,0,42,1
2026-08-23T22:06:38,hunyuan_sv_m130,obj26_flywheel_gdfl.stl,obj26.glb,0.02508,0.712924,0.70667,0.71929,0.828627,0.79049,0.87063,0.693057,0.580871,868080,433964,False,0,233,1
2026-08-23T22:06:44,hunyuan_sv_m130,obj27_vbeltpulley_spb17b.stl,obj27.glb,0.037141,0.475379,0.38508,0.621,0.7103,0.57942,0.91756,0.536618,0.326917,976638,487098,False,0,3657,1
2026-08-23T22:06:54,hunyuan_sv_m130,obj28_conveyorroller_600.stl,obj28.glb,0.010306,0.999019,1.0,0.99804,0.999835,1.0,0.99967,0.978249,0.829297,179422,89638,False,2,215,1
2026-08-23T22:07:14,hunyuan_sv_m130,obj29_telescopicslide_ahh150.stl,obj29.glb,0.314393,0.084341,0.14119,0.06013,0.126627,0.15881,0.10529,0.30525,0.025398,242454,118711,False,1,7457,1
2026-08-23T22:07:21,hunyuan_sv_m130,obj30_turnbuckle_vrh10.stl,obj30.glb,0.006499,0.93982,0.99999,0.88648,0.999485,1.0,0.99897,0.872303,0.864445,96826,48073,False,1,977,1
2026-08-26T18:37:48,hunyuan_sv_withmethod,obj01_dr500.stl,obj01.glb,0.068136,0.223675,0.20428,0.24714,0.402601,0.37124,0.43975,0.556792,0.484649,2939684,1467528,False,15,6770,6
2026-08-26T18:38:02,hunyuan_sv_withmethod,obj02_motor_smk.stl,obj02.glb,0.051488,0.258406,0.28138,0.2389,0.497734,0.56279,0.44616,0.600218,0.624591,867750,431887,False,18,5658,1
2026-08-26T18:38:18,hunyuan_sv_withmethod,obj03_agl5h18.stl,obj03.glb,0.068146,0.278155,0.25832,0.30129,0.47916,0.44738,0.5158,0.455647,0.263817,1436066,711097,False,54,19693,19
2026-08-26T18:38:46,hunyuan_sv_withmethod,obj04_indexer_110da.stl,obj04.glb,0.08528,0.195066,0.13546,0.34835,0.355292,0.25205,0.60179,0.563504,0.299481,6149472,2932839,False,135,392734,318
2026-08-26T18:39:00,hunyuan_sv_withmethod,obj05_softbrake_7347.stl,obj05.glb,0.075287,0.25426,0.32064,0.21065,0.436259,0.49542,0.38972,0.493745,0.363972,2716908,1328695,False,76,82803,55
2026-08-26T18:39:16,hunyuan_sv_withmethod,obj06_swivel_dsh.stl,obj06.glb,0.058007,0.230706,0.25816,0.20853,0.440894,0.47623,0.41044,0.590373,0.638423,2333502,1161099,False,13,16488,12
2026-08-26T18:39:47,hunyuan_sv_withmethod,obj07_pmpf_pump.stl,obj07.glb,0.100872,0.146743,0.13197,0.16524,0.279341,0.26776,0.29197,0.595434,0.356609,1838456,914351,False,16,13196,5
2026-08-26T18:40:02,hunyuan_sv_withmethod,obj08_air_bearing.stl,obj08.glb,0.082304,0.152803,0.22366,0.11604,0.302993,0.40922,0.24055,0.668071,0.674612,1973822,981382,False,50,16208,90
2026-08-26T18:40:14,hunyuan_sv_withmethod,obj09_flangebearing_ssucf.stl,obj09.glb,0.036808,0.412451,0.46829,0.36851,0.638002,0.74457,0.55812,0.678278,0.715462,1322294,658272,False,15,8285,7
2026-08-26T18:40:29,hunyuan_sv_withmethod,obj10_pillowblock_ucpx1.stl,obj10.glb,0.114388,0.0917,0.10418,0.08189,0.197483,0.21779,0.18064,0.600777,0.357803,1045794,521354,False,79,4297,2
2026-08-26T18:40:49,hunyuan_sv_withmethod,obj11_gearbox_ec05.stl,obj11.glb,0.078187,0.223961,0.29153,0.18182,0.394495,0.45107,0.35053,0.535608,0.154517,1766712,853254,False,109,83027,55
2026-08-26T18:41:11,hunyuan_sv_withmethod,obj12_actuator_ra120sr.stl,obj12.glb,0.078843,0.194697,0.32933,0.1382,0.360401,0.48502,0.28673,0.556036,0.55069,1269046,631326,False,45,9244,7
2026-08-26T18:41:32,hunyuan_sv_withmethod,obj13_gripper_sgm.stl,obj13.glb,0.148217,0.131179,0.18599,0.10132,0.236848,0.29953,0.19586,0.479406,0.36206,2681424,1327808,False,47,34569,21
2026-08-26T18:42:02,hunyuan_sv_withmethod,obj14_gripper_sngv.stl,obj14.glb,0.158397,0.118274,0.08131,0.21686,0.197477,0.13313,0.38222,0.503714,0.074752,4572020,2105501,False,119,497331,556
2026-08-26T18:42:19,hunyuan_sv_withmethod,obj15_gripper_swgm.stl,obj15.glb,0.084762,0.253031,0.23174,0.27863,0.440959,0.39278,0.50261,0.48974,0.250046,1659724,823527,False,50,18122,18
2026-08-26T18:42:32,hunyuan_sv_withmethod,obj16_gripper_gsfga.stl,obj16.glb,0.077343,0.260175,0.35369,0.20577,0.430824,0.53714,0.35964,0.57038,0.24598,678780,336871,False,12,7036,11
2026-08-26T18:42:44,hunyuan_sv_withmethod,obj17_adapterplate_nl12.stl,obj17.glb,0.187788,0.089115,0.07686,0.10602,0.175462,0.14814,0.21514,0.461779,0.148857,2378116,1187102,False,10,5870,18
2026-08-26T18:42:54,hunyuan_sv_withmethod,obj18_flangeplate_e43006.stl,obj18.glb,0.030288,0.667496,0.62195,0.72024,0.776406,0.72344,0.83774,0.774202,0.535639,1120906,559610,False,5,2405,1
2026-08-26T18:43:27,hunyuan_sv_withmethod,obj19_hingedbushing_cl5040.stl,obj19.glb,0.150205,0.093325,0.09902,0.08825,0.167166,0.1754,0.15967,0.538344,0.024229,1050956,445974,False,30,199887,3
2026-08-26T18:43:42,hunyuan_sv_withmethod,obj20_enclosure_rspro.stl,obj20.glb,0.16099,0.045405,0.04302,0.04807,0.094939,0.08382,0.10946,0.5662,0.082232,2895998,1425724,False,18,59901,44
2026-08-26T18:44:05,hunyuan_sv_withmethod,obj21_enclosure_camdenboss.stl,obj21.glb,0.105612,0.155066,0.12429,0.2061,0.275313,0.22542,0.35357,0.532044,0.037536,2670226,1294362,False,191,113512,72
2026-08-26T18:44:15,hunyuan_sv_withmethod,obj22_junctionbox_23nct1.stl,obj22.glb,0.084413,0.246992,0.25409,0.24028,0.443088,0.4159,0.47408,0.525194,0.334145,979588,488671,False,1,3300,1
2026-08-26T18:44:39,hunyuan_sv_withmethod,obj23_gasspring_kgl28.stl,obj23.glb,0.32064,0.035173,0.02539,0.05722,0.062239,0.04432,0.10448,0.376289,0.00855,521166,257442,False,17,8917,7
2026-08-26T18:44:53,hunyuan_sv_withmethod,obj24_manifold_hm031p024s.stl,obj24.glb,0.149807,0.064697,0.06984,0.06026,0.124804,0.13706,0.11456,0.591507,0.394643,2377048,1185878,False,6,7803,1
2026-08-26T18:45:06,hunyuan_sv_withmethod,obj25_valveblock_ad03pb042s.stl,obj25.glb,0.229982,0.028285,0.02554,0.03169,0.064646,0.05797,0.07306,0.493112,0.227764,2351780,1175510,False,0,1126,2
2026-08-26T18:45:15,hunyuan_sv_withmethod,obj26_flywheel_gdfl.stl,obj26.glb,0.02897,0.544685,0.54519,0.54418,0.852255,0.78902,0.92651,0.688404,0.54241,1059382,528973,False,7,2106,1
2026-08-26T18:45:21,hunyuan_sv_withmethod,obj27_vbeltpulley_spb17b.stl,obj27.glb,0.036696,0.453171,0.36839,0.58864,0.710833,0.58295,0.91059,0.535375,0.332905,1016102,506507,False,3,4489,1
2026-08-26T18:45:53,hunyuan_sv_withmethod,obj28_conveyorroller_600.stl,obj28.glb,0.147065,0.141936,0.10279,0.22924,0.285122,0.20489,0.46863,0.537658,0.229328,793480,393222,False,21,10088,16
2026-08-26T18:46:27,hunyuan_sv_withmethod,obj29_telescopicslide_ahh150.stl,obj29.glb,0.354734,0.016318,0.01047,0.03696,0.025254,0.01511,0.07684,0.507177,0.025161,2619196,1293926,False,22,38895,15
2026-08-26T18:47:12,hunyuan_sv_withmethod,obj30_turnbuckle_vrh10.stl,obj30.glb,0.281457,0.092113,0.07628,0.11624,0.134822,0.10747,0.18085,0.435016,0.036587,299330,148750,False,5,2616,2
2026-08-26T20:53:00,hunyuan_mv_withmethod_elev20,obj01_dr500.stl,obj01.glb,0.022365,0.730592,0.76341,0.70048,0.869573,0.92231,0.82254,0.834108,0.792236,2196784,1097272,False,8,3239,5
2026-08-26T20:53:14,hunyuan_mv_withmethod_elev20,obj02_motor_smk.stl,obj02.glb,0.034513,0.451622,0.47773,0.42822,0.696685,0.73575,0.66156,0.647951,0.785727,835856,416759,False,4,3455,2
2026-08-26T20:53:27,hunyuan_mv_withmethod_elev20,obj03_agl5h18.stl,obj03.glb,0.06124,0.248909,0.29042,0.21778,0.46902,0.52205,0.42577,0.534248,0.405549,606314,301127,False,10,5955,4
2026-08-26T20:53:41,hunyuan_mv_withmethod_elev20,obj04_indexer_110da.stl,obj04.glb,0.025269,0.551382,0.55779,0.54512,0.823357,0.85241,0.79622,0.72546,0.800208,1305930,649609,False,12,9764,3
2026-08-26T20:53:53,hunyuan_mv_withmethod_elev20,obj05_softbrake_7347.stl,obj05.glb,0.025607,0.54062,0.79609,0.40928,0.796595,0.94437,0.68881,0.73197,0.830475,1515422,754441,False,56,9371,7
2026-08-26T20:54:11,hunyuan_mv_withmethod_elev20,obj06_swivel_dsh.stl,obj06.glb,0.035444,0.382724,0.44263,0.3371,0.662701,0.74501,0.59677,0.662195,0.721423,2411252,1201404,False,22,12444,14
2026-08-26T20:54:29,hunyuan_mv_withmethod_elev20,obj07_pmpf_pump.stl,obj07.glb,0.019658,0.689653,0.68839,0.69092,0.923725,0.92752,0.91996,0.871188,0.859984,1136572,566063,False,18,6365,4
2026-08-26T20:54:43,hunyuan_mv_withmethod_elev20,obj08_air_bearing.stl,obj08.glb,0.036415,0.529275,0.62714,0.45783,0.715743,0.85847,0.61371,0.711275,0.862554,1925776,957068,False,73,16576,35
2026-08-26T20:54:55,hunyuan_mv_withmethod_elev20,obj09_flangebearing_ssucf.stl,obj09.glb,0.024042,0.535617,0.60336,0.48155,0.873547,0.95182,0.80717,0.772126,0.786264,1348060,672710,False,9,3823,14
2026-08-26T20:55:05,hunyuan_mv_withmethod_elev20,obj10_pillowblock_ucpx1.stl,obj10.glb,0.019509,0.691722,0.82257,0.59679,0.855401,0.96658,0.76716,0.790201,0.839629,717556,356705,False,37,5870,1
2026-08-26T20:55:20,hunyuan_mv_withmethod_elev20,obj11_gearbox_ec05.stl,obj11.glb,0.038363,0.373832,0.49854,0.29903,0.62696,0.72287,0.55352,0.595587,0.242832,933438,463728,False,22,8641,2
2026-08-26T20:55:44,hunyuan_mv_withmethod_elev20,obj12_actuator_ra120sr.stl,obj12.glb,0.049954,0.322823,0.82354,0.20076,0.484534,0.99069,0.32069,0.721689,0.917631,908250,452627,False,9,4422,4
2026-08-26T20:56:04,hunyuan_mv_withmethod_elev20,obj13_gripper_sgm.stl,obj13.glb,0.054034,0.225363,0.30869,0.17746,0.42964,0.53616,0.35843,0.570095,0.661171,1725658,856948,False,59,17076,12
2026-08-26T20:56:16,hunyuan_mv_withmethod_elev20,obj14_gripper_sngv.stl,obj14.glb,0.016034,0.699839,0.79407,0.6256,0.940192,0.9845,0.8997,0.656221,0.704995,397498,195328,False,17,9152,3
2026-08-26T20:56:34,hunyuan_mv_withmethod_elev20,obj15_gripper_swgm.stl,obj15.glb,0.083229,0.239446,0.23732,0.24161,0.424542,0.40398,0.44731,0.516558,0.237094,1768370,875940,False,53,23437,4
2026-08-26T20:56:45,hunyuan_mv_withmethod_elev20,obj16_gripper_gsfga.stl,obj16.glb,0.022692,0.606548,0.83812,0.47524,0.853924,0.97703,0.75837,0.796189,0.703457,472134,234952,False,11,3165,3
2026-08-26T20:57:04,hunyuan_mv_withmethod_elev20,obj17_adapterplate_nl12.stl,obj17.glb,0.129174,0.172147,0.13134,0.24974,0.300061,0.23028,0.43052,0.427118,0.143482,5427036,2583358,False,111,349692,232
2026-08-26T20:57:15,hunyuan_mv_withmethod_elev20,obj18_flangeplate_e43006.stl,obj18.glb,0.023255,0.730157,0.65924,0.81817,0.853423,0.77575,0.94838,0.795325,0.598682,1179778,588838,False,5,2981,1
2026-08-26T20:57:42,hunyuan_mv_withmethod_elev20,obj19_hingedbushing_cl5040.stl,obj19.glb,0.059643,0.244751,0.26292,0.22893,0.45941,0.4754,0.44446,0.627032,0.478764,805854,399724,False,5,9367,2
2026-08-26T20:57:58,hunyuan_mv_withmethod_elev20,obj20_enclosure_rspro.stl,obj20.glb,0.079587,0.222358,0.22581,0.21901,0.415147,0.43261,0.39904,0.48529,0.108357,2218190,899903,False,4,523933,1
2026-08-26T20:58:18,hunyuan_mv_withmethod_elev20,obj21_enclosure_camdenboss.stl,obj21.glb,0.091455,0.180142,0.21382,0.15563,0.267499,0.30495,0.23824,0.540152,0.055764,1754734,867263,False,52,28922,3
2026-08-26T20:58:27,hunyuan_mv_withmethod_elev20,obj22_junctionbox_23nct1.stl,obj22.glb,0.026384,0.612774,0.82064,0.48893,0.762663,0.92614,0.64824,0.670019,0.723356,416476,206644,False,19,4674,4
2026-08-26T20:58:51,hunyuan_mv_withmethod_elev20,obj23_gasspring_kgl28.stl,obj23.glb,0.196817,0.122455,0.082,0.2417,0.200897,0.1375,0.37277,0.342677,0.082783,521116,241950,False,6,46482,13
2026-08-26T20:59:11,hunyuan_mv_withmethod_elev20,obj24_manifold_hm031p024s.stl,obj24.glb,0.092758,0.14732,0.13362,0.16415,0.291543,0.26982,0.31707,0.54099,0.425278,3086100,1537425,False,39,16342,21
2026-08-26T20:59:30,hunyuan_mv_withmethod_elev20,obj25_valveblock_ad03pb042s.stl,obj25.glb,0.156291,0.08753,0.06917,0.11916,0.157525,0.12988,0.20012,0.474889,0.212971,4433778,2155173,False,62,172844,96
2026-08-26T20:59:40,hunyuan_mv_withmethod_elev20,obj26_flywheel_gdfl.stl,obj26.glb,0.025246,0.717445,0.68802,0.7495,0.847501,0.78789,0.91687,0.696881,0.59073,1296224,642566,False,109,14892,2
2026-08-26T20:59:48,hunyuan_mv_withmethod_elev20,obj27_vbeltpulley_spb17b.stl,obj27.glb,0.01839,0.728456,0.62443,0.87407,0.900158,0.82276,0.99363,0.497414,0.520006,1074352,535713,False,10,4280,4
2026-08-26T21:00:24,hunyuan_mv_withmethod_elev20,obj28_conveyorroller_600.stl,obj28.glb,0.223274,0.070118,0.05052,0.11456,0.127822,0.09577,0.19212,0.305542,0.040079,1188656,572225,False,27,60820,33
2026-08-26T21:00:54,hunyuan_mv_withmethod_elev20,obj29_telescopicslide_ahh150.stl,obj29.glb,0.143975,0.134216,0.09187,0.24898,0.210852,0.13762,0.45067,0.502575,0.11849,1435824,686645,False,38,85642,50
2026-08-26T21:01:32,hunyuan_mv_withmethod_elev20,obj30_turnbuckle_vrh10.stl,obj30.glb,0.166018,0.198056,0.16875,0.23968,0.284669,0.23426,0.36272,0.416572,0.087905,301042,145007,False,7,13809,3
2026-09-02T22:45:15,hunyuan_material_v1_elev20,obj01_dr500.stl,obj01.glb,0.02206,0.735865,0.77836,0.69777,0.870064,0.91871,0.82631,0.838071,0.78439,2208546,1103152,False,1,3297,1
2026-09-02T22:45:26,hunyuan_material_v1_elev20,obj02_motor_smk.stl,obj02.glb,0.024013,0.640023,0.68779,0.59846,0.876549,0.94054,0.82071,0.732512,0.864689,824006,409815,False,21,6160,4
2026-09-02T22:45:38,hunyuan_material_v1_elev20,obj03_agl5h18.stl,obj03.glb,0.063255,0.231041,0.27005,0.20188,0.443915,0.49902,0.39977,0.532665,0.424957,622318,309618,False,12,4500,2
2026-09-02T22:45:51,hunyuan_material_v1_elev20,obj04_indexer_110da.stl,obj04.glb,0.028979,0.470127,0.49275,0.44949,0.755884,0.79331,0.72183,0.727995,0.776424,1224754,610236,False,20,6275,2
2026-09-02T22:46:02,hunyuan_material_v1_elev20,obj05_softbrake_7347.stl,obj05.glb,0.030435,0.453653,0.6447,0.34995,0.715913,0.84952,0.61862,0.682933,0.696988,1570058,782362,False,51,7568,6
2026-09-02T22:46:19,hunyuan_material_v1_elev20,obj06_swivel_dsh.stl,obj06.glb,0.034525,0.402549,0.47872,0.34729,0.669108,0.77292,0.58988,0.67269,0.745977,2209804,1101039,False,22,11403,5
2026-09-02T22:46:36,hunyuan_material_v1_elev20,obj07_pmpf_pump.stl,obj07.glb,0.021348,0.643577,0.64231,0.64485,0.92161,0.92537,0.91788,0.872778,0.853787,1130798,563150,False,16,6548,2
2026-09-02T22:46:49,hunyuan_material_v1_elev20,obj08_air_bearing.stl,obj08.glb,0.036476,0.50204,0.646,0.41055,0.732638,0.88247,0.6263,0.714814,0.857537,1853532,922051,False,20,13666,33
2026-09-02T22:47:01,hunyuan_material_v1_elev20,obj09_flangebearing_ssucf.stl,obj09.glb,0.025183,0.508751,0.52758,0.49122,0.805826,0.83167,0.78154,0.713433,0.681256,1491776,744642,False,4,3669,1
2026-09-02T22:47:11,hunyuan_material_v1_elev20,obj10_pillowblock_ucpx1.stl,obj10.glb,0.017613,0.719382,0.83545,0.63163,0.877685,0.97002,0.8014,0.796681,0.839122,722834,360550,False,10,2482,2
2026-09-02T22:47:25,hunyuan_material_v1_elev20,obj11_gearbox_ec05.stl,obj11.glb,0.03697,0.385815,0.51448,0.30863,0.637664,0.73775,0.56149,0.593012,0.236444,949418,471079,False,30,10582,7
2026-09-02T22:47:46,hunyuan_material_v1_elev20,obj12_actuator_ra120sr.stl,obj12.glb,0.049162,0.325216,0.80405,0.20383,0.510816,0.99575,0.34352,0.708088,0.907316,893766,445022,False,6,5232,3
2026-09-02T22:48:05,hunyuan_material_v1_elev20,obj13_gripper_sgm.stl,obj13.glb,0.048386,0.312181,0.46501,0.23496,0.505505,0.68042,0.40213,0.634116,0.733132,1809336,899028,False,63,15971,16
2026-09-02T22:48:16,hunyuan_material_v1_elev20,obj14_gripper_sngv.stl,obj14.glb,0.015653,0.700904,0.76201,0.64887,0.956131,0.97789,0.93532,0.650875,0.699684,419880,207281,False,9,7030,2
2026-09-02T22:48:32,hunyuan_material_v1_elev20,obj15_gripper_swgm.stl,obj15.glb,0.082382,0.245101,0.24615,0.24406,0.433503,0.41788,0.45034,0.518949,0.222039,1649174,819809,False,39,13490,3
2026-09-02T22:48:42,hunyuan_material_v1_elev20,obj16_gripper_gsfga.stl,obj16.glb,0.023125,0.595666,0.81246,0.4702,0.853539,0.96575,0.76469,0.785377,0.645818,447486,222648,False,15,3198,4
2026-09-02T22:48:51,hunyuan_material_v1_elev20,obj17_adapterplate_nl12.stl,obj17.glb,0.014775,0.748769,0.76716,0.73124,0.999735,0.99956,0.99991,0.830769,0.777004,1282436,640568,False,0,1762,4
2026-09-02T22:49:02,hunyuan_material_v1_elev20,obj18_flangeplate_e43006.stl,obj18.glb,0.010101,0.887975,0.88741,0.88854,0.977257,0.9712,0.98339,0.900795,0.732904,970856,484820,False,6,1785,1
2026-09-02T22:49:26,hunyuan_material_v1_elev20,obj19_hingedbushing_cl5040.stl,obj19.glb,0.055598,0.292325,0.31661,0.2715,0.500871,0.52216,0.48125,0.642892,0.504305,728556,360635,False,12,10533,1
2026-09-02T22:49:39,hunyuan_material_v1_elev20,obj20_enclosure_rspro.stl,obj20.glb,0.018562,0.757397,0.76517,0.74978,0.893264,0.9158,0.87181,0.807224,0.465852,855474,425704,False,7,5958,2
2026-09-02T22:49:54,hunyuan_material_v1_elev20,obj21_enclosure_camdenboss.stl,obj21.glb,0.015902,0.774292,0.70438,0.85961,0.92843,0.88145,0.9807,0.767261,0.320007,1202806,597232,False,36,11773,2
2026-09-02T22:50:02,hunyuan_material_v1_elev20,obj22_junctionbox_23nct1.stl,obj22.glb,0.026204,0.569929,0.69593,0.48256,0.836672,0.96505,0.73844,0.529942,0.639824,552440,269564,False,112,19082,5
2026-09-02T22:50:11,hunyuan_material_v1_elev20,obj23_gasspring_kgl28.stl,obj23.glb,0.004132,0.934963,0.94353,0.92655,0.992495,0.99316,0.99183,0.906724,0.905865,91114,45334,False,0,661,1
2026-09-02T22:50:25,hunyuan_material_v1_elev20,obj24_manifold_hm031p024s.stl,obj24.glb,0.031751,0.319379,0.3317,0.30794,0.818665,0.83607,0.80197,0.789812,0.775609,1402856,696831,False,61,12999,22
2026-09-02T22:50:33,hunyuan_material_v1_elev20,obj25_valveblock_ad03pb042s.stl,obj25.glb,0.016481,0.815453,0.88044,0.7594,0.873888,0.93228,0.82238,0.813857,0.915797,710002,353637,False,13,3993,2
2026-09-02T22:50:43,hunyuan_material_v1_elev20,obj26_flywheel_gdfl.stl,obj26.glb,0.008129,0.916339,0.95654,0.87938,0.976563,0.991,0.96254,0.813942,0.873498,1003992,500739,False,15,3560,1
2026-09-02T22:50:50,hunyuan_material_v1_elev20,obj27_vbeltpulley_spb17b.stl,obj27.glb,0.009175,0.944468,0.93103,0.9583,0.993025,0.99291,0.99314,0.763822,0.65374,752072,375043,False,12,2899,1
2026-09-02T22:51:00,hunyuan_material_v1_elev20,obj28_conveyorroller_600.stl,obj28.glb,0.005591,0.9994,1.0,0.9988,1.0,1.0,1.0,0.986669,0.927473,207636,103690,False,1,370,1
2026-09-02T22:51:21,hunyuan_material_v1_elev20,obj29_telescopicslide_ahh150.stl,obj29.glb,0.008219,0.901449,1.0,0.82058,1.0,1.0,1.0,0.728764,0.632942,208180,100904,False,8,9355,1
2026-09-02T22:51:27,hunyuan_material_v1_elev20,obj30_turnbuckle_vrh10.stl,obj30.glb,0.008014,0.876365,0.97499,0.79586,0.999295,1.0,0.99859,0.843588,0.800321,101454,50468,False,0,750,2
2026-09-03T12:45:03,hunyuan_persp_v4_elev20,obj01_dr500.stl,obj01.glb,0.023217,0.593148,0.63727,0.55474,0.910924,0.95829,0.86802,0.8626,0.774059,2307876,1152109,False,2,5404,1
2026-09-03T12:45:15,hunyuan_persp_v4_elev20,obj02_motor_smk.stl,obj02.glb,0.034052,0.475682,0.50228,0.45176,0.69828,0.73146,0.66798,0.6579,0.795213,861490,428658,False,14,6015,7
2026-09-03T12:45:28,hunyuan_persp_v4_elev20,obj03_agl5h18.stl,obj03.glb,0.062709,0.239629,0.27044,0.21512,0.450399,0.48827,0.41798,0.528423,0.400983,659086,327892,False,17,4825,5
2026-09-03T12:45:41,hunyuan_persp_v4_elev20,obj04_indexer_110da.stl,obj04.glb,0.018354,0.806029,0.81219,0.79996,0.926061,0.9367,0.91566,0.783685,0.868393,1427114,708884,False,37,13314,1
2026-09-03T12:45:52,hunyuan_persp_v4_elev20,obj05_softbrake_7347.stl,obj05.glb,0.022749,0.604543,0.85767,0.46678,0.825804,0.95901,0.72509,0.779562,0.858017,1725682,859070,False,81,10946,16
2026-09-03T12:46:09,hunyuan_persp_v4_elev20,obj06_swivel_dsh.stl,obj06.glb,0.031179,0.551417,0.68505,0.46141,0.714603,0.8425,0.62042,0.69143,0.847325,2349164,1169808,False,23,14077,6
2026-09-03T12:46:25,hunyuan_persp_v4_elev20,obj07_pmpf_pump.stl,obj07.glb,0.014974,0.847728,0.84903,0.84643,0.95028,0.95058,0.94998,0.90554,0.904319,1189002,592176,False,4,6932,2
2026-09-03T12:46:39,hunyuan_persp_v4_elev20,obj08_air_bearing.stl,obj08.glb,0.038084,0.571425,0.80179,0.44389,0.738268,0.96132,0.59923,0.775639,0.889078,1805876,900217,False,7,7935,20
2026-09-03T12:46:51,hunyuan_persp_v4_elev20,obj09_flangebearing_ssucf.stl,obj09.glb,0.0191,0.639516,0.65514,0.62462,0.934935,0.94828,0.92196,0.772045,0.795749,1598618,797119,False,20,6200,2
2026-09-03T12:47:01,hunyuan_persp_v4_elev20,obj10_pillowblock_ucpx1.stl,obj10.glb,0.017415,0.714397,0.81082,0.63847,0.895577,0.98345,0.82212,0.786965,0.846218,759456,378383,False,29,3661,1
2026-09-03T12:47:15,hunyuan_persp_v4_elev20,obj11_gearbox_ec05.stl,obj11.glb,0.036083,0.399751,0.51926,0.32496,0.652077,0.73577,0.58548,0.589121,0.249948,968994,481364,False,15,9006,8
2026-09-03T12:47:37,hunyuan_persp_v4_elev20,obj12_actuator_ra120sr.stl,obj12.glb,0.049144,0.328852,0.80396,0.2067,0.504478,0.98965,0.33852,0.703102,0.906289,898578,447387,False,26,5386,9
2026-09-03T12:47:54,hunyuan_persp_v4_elev20,obj13_gripper_sgm.stl,obj13.glb,0.03115,0.524779,0.82667,0.3844,0.715886,0.98015,0.56386,0.700457,0.902639,1660896,827267,False,22,9308,5
2026-09-03T12:48:08,hunyuan_persp_v4_elev20,obj14_gripper_sngv.stl,obj14.glb,0.087472,0.269582,0.27916,0.26064,0.462841,0.45788,0.46791,0.528758,0.307964,482284,238318,False,9,7806,3
2026-09-03T12:48:24,hunyuan_persp_v4_elev20,obj15_gripper_swgm.stl,obj15.glb,0.083781,0.241713,0.24739,0.23629,0.424806,0.41661,0.43333,0.51869,0.22943,1627794,805562,False,31,22960,3
2026-09-03T12:48:33,hunyuan_persp_v4_elev20,obj16_gripper_gsfga.stl,obj16.glb,0.021529,0.616115,0.89947,0.46852,0.84019,0.98466,0.73269,0.827522,0.768997,475916,237078,False,5,2559,4
2026-09-03T12:48:42,hunyuan_persp_v4_elev20,obj17_adapterplate_nl12.stl,obj17.glb,0.007329,0.940463,0.93711,0.94384,0.996829,0.99605,0.99761,0.900091,0.932997,1417492,707705,False,2,2765,2
2026-09-03T12:48:53,hunyuan_persp_v4_elev20,obj18_flangeplate_e43006.stl,obj18.glb,0.006988,0.907874,0.9005,0.91537,0.991517,0.98726,0.99581,0.928547,0.911135,977444,488003,False,2,2063,1
2026-09-03T12:49:18,hunyuan_persp_v4_elev20,obj19_hingedbushing_cl5040.stl,obj19.glb,0.058907,0.287914,0.31791,0.26309,0.499223,0.52825,0.47322,0.620625,0.467385,772820,383238,False,0,9260,2
2026-09-03T12:49:29,hunyuan_persp_v4_elev20,obj20_enclosure_rspro.stl,obj20.glb,0.008306,0.960371,0.97269,0.94836,0.988489,1.0,0.97724,0.938025,0.847526,1050678,520144,False,26,15003,1
2026-09-03T12:49:42,hunyuan_persp_v4_elev20,obj21_enclosure_camdenboss.stl,obj21.glb,0.009427,0.945445,0.9229,0.96912,0.99128,0.98542,0.99721,0.82371,0.40395,1136990,561356,False,18,19338,1
2026-09-03T12:49:51,hunyuan_persp_v4_elev20,obj22_junctionbox_23nct1.stl,obj22.glb,0.01841,0.710832,0.82996,0.62161,0.875431,0.95636,0.80713,0.609105,0.807564,606922,297005,False,97,18572,8
2026-09-03T12:49:59,hunyuan_persp_v4_elev20,obj23_gasspring_kgl28.stl,obj23.glb,0.004967,0.941488,0.953,0.93025,0.997454,0.99846,0.99645,0.912264,0.857948,92892,46087,False,1,1067,1
2026-09-03T12:50:13,hunyuan_persp_v4_elev20,obj24_manifold_hm031p024s.stl,obj24.glb,0.021636,0.750114,0.73849,0.76211,0.850831,0.84273,0.85909,0.847317,0.869622,1677124,835605,False,7,8682,12
2026-09-03T12:50:22,hunyuan_persp_v4_elev20,obj25_valveblock_ad03pb042s.stl,obj25.glb,0.027262,0.565138,0.63977,0.5061,0.740399,0.82575,0.67104,0.740119,0.761512,677606,336381,False,29,7192,6
2026-09-03T12:50:32,hunyuan_persp_v4_elev20,obj26_flywheel_gdfl.stl,obj26.glb,0.008338,0.918028,0.95846,0.88087,0.973849,0.99038,0.95786,0.825387,0.865462,1032074,514650,False,19,3942,1
2026-09-03T12:50:38,hunyuan_persp_v4_elev20,obj27_vbeltpulley_spb17b.stl,obj27.glb,0.007329,0.985452,0.98258,0.98834,0.99924,0.99981,0.99867,0.841624,0.858167,804102,400364,False,23,4932,1
2026-09-03T12:50:47,hunyuan_persp_v4_elev20,obj28_conveyorroller_600.stl,obj28.glb,0.005219,0.99938,1.0,0.99876,1.0,1.0,1.0,0.980177,0.935136,207274,103554,False,0,247,1
2026-09-03T12:51:07,hunyuan_persp_v4_elev20,obj29_telescopicslide_ahh150.stl,obj29.glb,0.009676,0.837669,1.0,0.72068,0.987019,1.0,0.97437,0.847064,0.82684,213882,103862,False,6,9099,1
2026-09-03T12:51:14,hunyuan_persp_v4_elev20,obj30_turnbuckle_vrh10.stl,obj30.glb,0.008379,0.861202,0.98636,0.76423,0.999149,1.0,0.9983,0.837563,0.793885,104884,52030,False,0,1073,1
2026-09-03T14:32:15,hunyuan_diagonal_v1_elev20,obj01_dr500.stl,obj01.glb,0.079946,0.206064,0.26366,0.16912,0.384898,0.49036,0.31677,0.586331,0.252536,2057092,1026141,False,6,7216,21
2026-09-03T14:32:27,hunyuan_diagonal_v1_elev20,obj02_motor_smk.stl,obj02.glb,0.02998,0.404935,0.42862,0.38373,0.775305,0.80232,0.75005,0.68768,0.777988,926384,459954,False,23,9439,6
2026-09-03T14:32:40,hunyuan_diagonal_v1_elev20,obj03_agl5h18.stl,obj03.glb,0.038821,0.404543,0.42131,0.38906,0.64817,0.6663,0.631,0.581056,0.507983,851650,423001,False,12,8147,5
2026-09-03T14:32:55,hunyuan_diagonal_v1_elev20,obj04_indexer_110da.stl,obj04.glb,0.036862,0.35857,0.37661,0.34218,0.639388,0.66278,0.61759,0.685632,0.704495,1434634,713312,False,30,11603,1
2026-09-03T14:33:06,hunyuan_diagonal_v1_elev20,obj05_softbrake_7347.stl,obj05.glb,0.028683,0.491443,0.69308,0.38069,0.757387,0.87948,0.66506,0.66515,0.680911,1424398,708933,False,60,9419,7
2026-09-03T14:33:23,hunyuan_diagonal_v1_elev20,obj06_swivel_dsh.stl,obj06.glb,0.064224,0.194118,0.27061,0.15134,0.366659,0.49111,0.29253,0.555137,0.487659,1960486,975442,False,33,13887,4
2026-09-03T14:33:46,hunyuan_diagonal_v1_elev20,obj07_pmpf_pump.stl,obj07.glb,0.054062,0.110553,0.1254,0.09885,0.274782,0.29977,0.25364,0.767388,0.633929,1346380,670553,False,17,7725,2
2026-09-03T14:34:02,hunyuan_diagonal_v1_elev20,obj08_air_bearing.stl,obj08.glb,0.066081,0.221298,0.30726,0.17292,0.413009,0.56239,0.32633,0.593993,0.490607,2494708,1238753,False,75,25146,55
2026-09-03T14:34:17,hunyuan_diagonal_v1_elev20,obj09_flangebearing_ssucf.stl,obj09.glb,0.025503,0.495173,0.51051,0.48073,0.800347,0.81985,0.78175,0.691649,0.690028,2247546,1118837,False,6,14646,1
2026-09-03T14:34:27,hunyuan_diagonal_v1_elev20,obj10_pillowblock_ucpx1.stl,obj10.glb,0.064266,0.310945,0.38783,0.2595,0.546447,0.63724,0.4783,0.535702,0.266315,1096020,544787,False,20,9547,1
2026-09-03T14:34:42,hunyuan_diagonal_v1_elev20,obj11_gearbox_ec05.stl,obj11.glb,0.03358,0.40417,0.58034,0.31005,0.659308,0.8155,0.55333,0.55925,0.206804,1157004,574990,False,30,10218,11
2026-09-03T14:35:03,hunyuan_diagonal_v1_elev20,obj12_actuator_ra120sr.stl,obj12.glb,0.053251,0.267663,0.59381,0.17277,0.452592,0.87441,0.30531,0.655066,0.800818,1022286,508647,False,10,7259,2
2026-09-03T14:35:20,hunyuan_diagonal_v1_elev20,obj13_gripper_sgm.stl,obj13.glb,0.062025,0.279737,0.58599,0.18372,0.486607,0.85619,0.33989,0.555505,0.470546,1347724,667766,False,60,17664,9
2026-09-03T14:35:32,hunyuan_diagonal_v1_elev20,obj14_gripper_sngv.stl,obj14.glb,0.027158,0.488473,0.53299,0.45082,0.781107,0.80551,0.75814,0.569489,0.527789,708334,349379,False,59,13630,1
2026-09-03T14:35:46,hunyuan_diagonal_v1_elev20,obj15_gripper_swgm.stl,obj15.glb,0.078492,0.269866,0.3109,0.2384,0.466122,0.52495,0.41915,0.514675,0.206532,1268466,629548,False,35,13318,3
2026-09-03T14:35:56,hunyuan_diagonal_v1_elev20,obj16_gripper_gsfga.stl,obj16.glb,0.026879,0.495776,0.74588,0.37128,0.76446,0.92852,0.64967,0.756899,0.51728,449040,223743,False,3,2235,2
2026-09-03T14:36:07,hunyuan_diagonal_v1_elev20,obj17_adapterplate_nl12.stl,obj17.glb,0.029012,0.302818,0.30544,0.30024,0.799551,0.84551,0.75833,0.650027,0.5605,2162434,1076141,False,22,14730,8
2026-09-03T14:36:18,hunyuan_diagonal_v1_elev20,obj18_flangeplate_e43006.stl,obj18.glb,0.011265,0.87482,0.89032,0.85985,0.952974,0.97281,0.93393,0.862242,0.83574,1218050,606245,False,11,8146,1
2026-09-03T14:36:40,hunyuan_diagonal_v1_elev20,obj19_hingedbushing_cl5040.stl,obj19.glb,0.066104,0.219163,0.23437,0.20581,0.422699,0.43224,0.41357,0.573552,0.440481,837006,414309,False,5,12466,3
2026-09-03T14:36:57,hunyuan_diagonal_v1_elev20,obj20_enclosure_rspro.stl,obj20.glb,0.030414,0.587022,0.5945,0.57973,0.752378,0.77934,0.72722,0.768079,0.325666,1356504,675427,False,1,8363,1
2026-09-03T14:37:13,hunyuan_diagonal_v1_elev20,obj21_enclosure_camdenboss.stl,obj21.glb,0.026513,0.431394,0.3874,0.48666,0.773175,0.71401,0.84303,0.687738,0.185905,1439764,708020,False,147,33997,3
2026-09-03T14:37:21,hunyuan_diagonal_v1_elev20,obj22_junctionbox_23nct1.stl,obj22.glb,0.029334,0.579291,0.78945,0.4575,0.812259,0.95213,0.70822,0.619883,0.573315,476028,233642,False,122,11640,4
2026-09-03T14:37:30,hunyuan_diagonal_v1_elev20,obj23_gasspring_kgl28.stl,obj23.glb,0.004633,0.935989,0.93925,0.93275,0.993021,0.99112,0.99493,0.910549,0.910926,95338,47230,False,0,1309,1
2026-09-03T14:37:46,hunyuan_diagonal_v1_elev20,obj24_manifold_hm031p024s.stl,obj24.glb,0.051959,0.232129,0.27536,0.20063,0.472913,0.55675,0.41102,0.686453,0.620277,2068748,1025921,False,46,24551,39
2026-09-03T14:37:57,hunyuan_diagonal_v1_elev20,obj25_valveblock_ad03pb042s.stl,obj25.glb,0.064995,0.425011,0.57877,0.3358,0.537328,0.72892,0.42549,0.640845,0.474194,817470,406892,False,1,5491,1
2026-09-03T14:38:08,hunyuan_diagonal_v1_elev20,obj26_flywheel_gdfl.stl,obj26.glb,0.013031,0.824217,0.85093,0.79913,0.959073,0.96655,0.95171,0.754103,0.642688,1405368,695655,False,133,19705,2
2026-09-03T14:38:17,hunyuan_diagonal_v1_elev20,obj27_vbeltpulley_spb17b.stl,obj27.glb,0.014941,0.769805,0.78518,0.75502,0.940523,0.95825,0.92344,0.61079,0.471622,1668968,711002,False,6607,265336,1
2026-09-03T14:38:27,hunyuan_diagonal_v1_elev20,obj28_conveyorroller_600.stl,obj28.glb,0.014972,0.891003,0.93124,0.8541,0.934582,0.9685,0.90296,0.951012,0.781829,374372,186962,False,0,681,1
2026-09-03T14:38:46,hunyuan_diagonal_v1_elev20,obj29_telescopicslide_ahh150.stl,obj29.glb,0.008144,0.894954,1.0,0.80988,1.0,1.0,1.0,0.743497,0.775163,314404,152557,False,10,13806,1
2026-09-03T14:38:54,hunyuan_diagonal_v1_elev20,obj30_turnbuckle_vrh10.stl,obj30.glb,0.009075,0.868645,0.94215,0.80578,0.999289,1.0,0.99858,0.809666,0.757122,107918,53484,False,0,1394,1
2026-09-03T16:25:14,hunyuan_backdrop_v1_elev20,obj01_dr500.stl,obj01.glb,0.024768,0.511447,0.54534,0.48152,0.874373,0.92879,0.82598,0.835597,0.75676,2261650,1129893,False,0,2752,3
2026-09-03T16:25:25,hunyuan_backdrop_v1_elev20,obj02_motor_smk.stl,obj02.glb,0.021721,0.728099,0.78591,0.67821,0.894972,0.95399,0.84283,0.7749,0.889999,816136,406332,False,19,5035,5
2026-09-03T16:25:37,hunyuan_backdrop_v1_elev20,obj03_agl5h18.stl,obj03.glb,0.024352,0.558036,0.64243,0.49324,0.833272,0.9085,0.76955,0.684521,0.706571,665932,330797,False,17,6325,1
2026-09-03T16:25:50,hunyuan_backdrop_v1_elev20,obj04_indexer_110da.stl,obj04.glb,0.02566,0.553245,0.58105,0.52798,0.798607,0.83926,0.76171,0.748825,0.797388,1201342,597507,False,35,9202,1
2026-09-03T16:26:00,hunyuan_backdrop_v1_elev20,obj05_softbrake_7347.stl,obj05.glb,0.033434,0.413123,0.6181,0.31024,0.679381,0.83861,0.57097,0.679365,0.731118,1420834,707835,False,73,7247,5
2026-09-03T16:26:16,hunyuan_backdrop_v1_elev20,obj06_swivel_dsh.stl,obj06.glb,0.035806,0.375248,0.45148,0.32104,0.659169,0.77318,0.57446,0.671978,0.732642,2124832,1058929,False,20,10256,3
2026-09-03T16:26:33,hunyuan_backdrop_v1_elev20,obj07_pmpf_pump.stl,obj07.glb,0.020656,0.657775,0.66038,0.65519,0.917369,0.91661,0.91813,0.865464,0.861005,1110702,552764,False,11,7315,8
2026-09-03T16:26:46,hunyuan_backdrop_v1_elev20,obj08_air_bearing.stl,obj08.glb,0.036752,0.528115,0.63411,0.45248,0.743115,0.88319,0.64139,0.721138,0.85958,1899612,946532,False,35,9542,8
2026-09-03T16:26:57,hunyuan_backdrop_v1_elev20,obj09_flangebearing_ssucf.stl,obj09.glb,0.018656,0.666602,0.69759,0.63825,0.909899,0.91061,0.90919,0.774046,0.781435,1608736,801699,False,56,7618,4
2026-09-03T16:27:07,hunyuan_backdrop_v1_elev20,obj10_pillowblock_ucpx1.stl,obj10.glb,0.017605,0.736493,0.8669,0.64019,0.876184,0.97017,0.7988,0.79814,0.848692,701246,348749,False,38,5263,5
2026-09-03T16:27:21,hunyuan_backdrop_v1_elev20,obj11_gearbox_ec05.stl,obj11.glb,0.036224,0.4034,0.53133,0.32512,0.65167,0.74785,0.57741,0.592297,0.244167,975504,483013,False,64,12925,7
2026-09-03T16:27:42,hunyuan_backdrop_v1_elev20,obj12_actuator_ra120sr.stl,obj12.glb,0.049247,0.328218,0.80304,0.20626,0.508232,0.99259,0.34156,0.704293,0.903157,871178,433916,False,3,4711,3
2026-09-03T16:27:59,hunyuan_backdrop_v1_elev20,obj13_gripper_sgm.stl,obj13.glb,0.054598,0.236049,0.33126,0.18335,0.458643,0.58707,0.37632,0.620615,0.665606,1605950,798121,False,71,13915,5
2026-09-03T16:28:10,hunyuan_backdrop_v1_elev20,obj14_gripper_sngv.stl,obj14.glb,0.013234,0.809291,0.8753,0.75254,0.971659,0.9928,0.9514,0.702429,0.781096,439592,217162,False,11,7321,1
2026-09-03T16:28:27,hunyuan_backdrop_v1_elev20,obj15_gripper_swgm.stl,obj15.glb,0.085491,0.234732,0.23144,0.23812,0.414973,0.39315,0.43936,0.521829,0.228221,1821462,900659,False,74,28262,4
2026-09-03T16:28:36,hunyuan_backdrop_v1_elev20,obj16_gripper_gsfga.stl,obj16.glb,0.022236,0.622617,0.88021,0.48166,0.850825,0.9802,0.75162,0.811824,0.669104,436522,217236,False,18,2964,2
2026-09-03T16:28:45,hunyuan_backdrop_v1_elev20,obj17_adapterplate_nl12.stl,obj17.glb,0.008669,0.947739,0.95223,0.94329,0.99964,0.99933,0.99995,0.885087,0.933567,1343666,670333,False,1,4174,3
2026-09-03T16:28:55,hunyuan_backdrop_v1_elev20,obj18_flangeplate_e43006.stl,obj18.glb,0.009865,0.897575,0.89965,0.89551,0.983393,0.98464,0.98215,0.918945,0.742917,969112,483947,False,1,1717,1
2026-09-03T16:29:17,hunyuan_backdrop_v1_elev20,obj19_hingedbushing_cl5040.stl,obj19.glb,0.055575,0.286796,0.31589,0.26261,0.510021,0.54111,0.48231,0.646854,0.504499,725522,359201,False,13,10251,1
2026-09-03T16:29:30,hunyuan_backdrop_v1_elev20,obj20_enclosure_rspro.stl,obj20.glb,0.017233,0.774015,0.81536,0.73666,0.892671,0.87988,0.90584,0.831542,0.433396,911060,454595,False,4,2710,1
2026-09-03T16:29:43,hunyuan_backdrop_v1_elev20,obj21_enclosure_camdenboss.stl,obj21.glb,0.011722,0.870052,0.82491,0.92042,0.962029,0.93702,0.98841,0.795797,0.449928,1123188,556553,False,34,13933,2
2026-09-03T16:29:52,hunyuan_backdrop_v1_elev20,obj22_junctionbox_23nct1.stl,obj22.glb,0.027431,0.598767,0.79336,0.48083,0.766669,0.93627,0.64909,0.65754,0.695486,433442,214540,False,15,6343,3
2026-09-03T16:30:00,hunyuan_backdrop_v1_elev20,obj23_gasspring_kgl28.stl,obj23.glb,0.005944,0.942129,0.94608,0.93821,0.992695,0.99283,0.99256,0.912375,0.860434,97640,48400,False,0,1257,1
2026-09-03T16:30:13,hunyuan_backdrop_v1_elev20,obj24_manifold_hm031p024s.stl,obj24.glb,0.019012,0.779905,0.77949,0.78032,0.880337,0.88814,0.87267,0.837996,0.887316,1574536,782544,False,47,13902,72
2026-09-03T16:30:21,hunyuan_backdrop_v1_elev20,obj25_valveblock_ad03pb042s.stl,obj25.glb,0.022892,0.589677,0.62164,0.56084,0.862078,0.9144,0.81542,0.784064,0.840319,821274,407086,False,25,10365,4
2026-09-03T16:30:31,hunyuan_backdrop_v1_elev20,obj26_flywheel_gdfl.stl,obj26.glb,0.008237,0.914887,0.95377,0.87905,0.977234,0.9911,0.96375,0.807808,0.870286,1005148,501172,False,13,4011,1
2026-09-03T16:30:38,hunyuan_backdrop_v1_elev20,obj27_vbeltpulley_spb17b.stl,obj27.glb,0.010013,0.910741,0.89537,0.92665,0.993334,0.99417,0.9925,0.71921,0.696038,823130,409326,False,35,6465,1
2026-09-03T16:30:48,hunyuan_backdrop_v1_elev20,obj28_conveyorroller_600.stl,obj28.glb,0.008026,0.99946,1.0,0.99892,1.0,1.0,1.0,0.984412,0.891311,213082,106470,False,2,209,1
2026-09-03T16:31:07,hunyuan_backdrop_v1_elev20,obj29_telescopicslide_ahh150.stl,obj29.glb,0.010229,0.798662,1.0,0.66481,0.999925,1.0,0.99985,0.842141,0.788294,228544,110420,False,10,11434,1
2026-09-03T16:31:14,hunyuan_backdrop_v1_elev20,obj30_turnbuckle_vrh10.stl,obj30.glb,0.009142,0.829937,0.96991,0.72527,0.998708,1.0,0.99742,0.841766,0.762089,105816,52668,False,1,701,2
2026-09-07T12:52:41,hunyuan_m130_elev10,obj01_dr500.stl,obj01.glb,0.017789,0.701092,0.69355,0.7088,0.958002,0.93514,0.98201,0.895192,0.863625,2540760,1269004,False,10,3986,1
2026-09-07T12:52:54,hunyuan_m130_elev10,obj02_motor_smk.stl,obj02.glb,0.025194,0.606849,0.6555,0.56492,0.856076,0.91604,0.80348,0.709869,0.852187,812976,404470,False,13,5608,3
2026-09-07T12:53:07,hunyuan_m130_elev10,obj03_agl5h18.stl,obj03.glb,0.061562,0.242456,0.27524,0.21665,0.449527,0.48867,0.41619,0.534462,0.415328,656078,326163,False,5,5339,2
2026-09-07T12:53:22,hunyuan_m130_elev10,obj04_indexer_110da.stl,obj04.glb,0.02055,0.596086,0.58972,0.60259,0.8323,0.83518,0.82944,0.773683,0.824339,1347926,670453,False,26,10192,4
2026-09-07T12:53:33,hunyuan_m130_elev10,obj05_softbrake_7347.stl,obj05.glb,0.033711,0.433001,0.64688,0.32541,0.676369,0.84517,0.56377,0.685359,0.719644,1286622,641052,False,79,6264,2
2026-09-07T12:53:52,hunyuan_m130_elev10,obj06_swivel_dsh.stl,obj06.glb,0.036953,0.351079,0.42424,0.29944,0.636071,0.74978,0.55231,0.647303,0.744211,2302356,1146226,False,40,14534,2
2026-09-07T12:54:10,hunyuan_m130_elev10,obj07_pmpf_pump.stl,obj07.glb,0.022731,0.621243,0.61681,0.62574,0.905166,0.90227,0.90808,0.857443,0.848867,1169726,582698,False,14,6342,5
2026-09-07T12:54:25,hunyuan_m130_elev10,obj08_air_bearing.stl,obj08.glb,0.036939,0.456767,0.53586,0.39802,0.719882,0.863,0.61748,0.716115,0.820273,1752088,872058,False,18,11520,15
2026-09-07T12:54:38,hunyuan_m130_elev10,obj09_flangebearing_ssucf.stl,obj09.glb,0.020215,0.596663,0.63965,0.55909,0.884575,0.92626,0.84648,0.756395,0.767308,1478594,737975,False,10,3804,1
2026-09-07T12:54:50,hunyuan_m130_elev10,obj10_pillowblock_ucpx1.stl,obj10.glb,0.021489,0.6466,0.76386,0.56055,0.828054,0.93374,0.74386,0.766589,0.81262,691482,344474,False,19,3600,1
2026-09-07T12:55:05,hunyuan_m130_elev10,obj11_gearbox_ec05.stl,obj11.glb,0.036721,0.388749,0.50583,0.31568,0.639403,0.7212,0.57427,0.591591,0.251262,1004090,499003,False,28,8950,6
2026-09-07T12:55:29,hunyuan_m130_elev10,obj12_actuator_ra120sr.stl,obj12.glb,0.050073,0.321872,0.79136,0.20202,0.500326,0.99291,0.33442,0.705602,0.902891,873656,434881,False,22,5168,6
2026-09-07T12:55:48,hunyuan_m130_elev10,obj13_gripper_sgm.stl,obj13.glb,0.042486,0.261287,0.3877,0.19704,0.57643,0.83679,0.43964,0.610369,0.746714,1405862,699087,False,26,11243,5
2026-09-07T12:56:02,hunyuan_m130_elev10,obj14_gripper_sngv.stl,obj14.glb,0.088475,0.265712,0.29234,0.24353,0.461961,0.50142,0.42826,0.522226,0.283322,455620,223308,False,19,11677,2
2026-09-07T12:56:20,hunyuan_m130_elev10,obj15_gripper_swgm.stl,obj15.glb,0.083712,0.228927,0.23191,0.22602,0.415406,0.40205,0.42968,0.520086,0.2363,1645004,817508,False,45,13959,6
2026-09-07T12:56:29,hunyuan_m130_elev10,obj16_gripper_gsfga.stl,obj16.glb,0.02324,0.590787,0.85328,0.4518,0.842729,0.98192,0.7381,0.794807,0.640177,402630,200260,False,2,3097,1
2026-09-07T12:56:40,hunyuan_m130_elev10,obj17_adapterplate_nl12.stl,obj17.glb,0.016987,0.474816,0.51874,0.43775,0.999815,0.99998,0.99965,0.800742,0.71754,1223732,609567,False,18,6534,1
2026-09-07T12:56:51,hunyuan_m130_elev10,obj18_flangeplate_e43006.stl,obj18.glb,0.008297,0.905743,0.91268,0.89891,0.987493,0.98879,0.9862,0.930049,0.818316,938424,467763,False,13,4088,1
2026-09-07T12:57:15,hunyuan_m130_elev10,obj19_hingedbushing_cl5040.stl,obj19.glb,0.055591,0.301125,0.33577,0.27296,0.514999,0.54271,0.48998,0.645182,0.504213,768350,380676,False,5,10247,4
2026-09-07T12:57:28,hunyuan_m130_elev10,obj20_enclosure_rspro.stl,obj20.glb,0.016604,0.815966,0.81038,0.82163,0.907501,0.94421,0.87354,0.829651,0.538312,860646,429853,False,0,1386,1
2026-09-07T12:57:42,hunyuan_m130_elev10,obj21_enclosure_camdenboss.stl,obj21.glb,0.01151,0.908952,0.85638,0.9684,0.965506,0.93529,0.99774,0.803954,0.491618,1088546,539767,False,21,12537,2
2026-09-07T12:57:51,hunyuan_m130_elev10,obj22_junctionbox_23nct1.stl,obj22.glb,0.024971,0.618079,0.73963,0.53084,0.841826,0.95528,0.75246,0.569479,0.69253,554362,273154,False,31,11733,1
2026-09-07T12:57:59,hunyuan_m130_elev10,obj23_gasspring_kgl28.stl,obj23.glb,0.004018,0.939215,0.94849,0.93012,0.995226,0.99726,0.9932,0.908078,0.923476,89818,44610,False,0,906,1
2026-09-07T12:58:13,hunyuan_m130_elev10,obj24_manifold_hm031p024s.stl,obj24.glb,0.023456,0.74824,0.76174,0.73521,0.826355,0.84321,0.81016,0.807286,0.866229,1503912,748767,False,75,9159,19
2026-09-07T12:58:22,hunyuan_m130_elev10,obj25_valveblock_ad03pb042s.stl,obj25.glb,0.033539,0.23203,0.258,0.21081,0.718152,0.81443,0.64223,0.72458,0.726508,686874,341101,False,34,6667,6
2026-09-07T12:58:32,hunyuan_m130_elev10,obj26_flywheel_gdfl.stl,obj26.glb,0.008168,0.925285,0.96794,0.88623,0.97804,0.99376,0.96281,0.817401,0.862539,1006128,501737,False,13,3799,1
2026-09-07T12:58:37,hunyuan_m130_elev10,obj27_vbeltpulley_spb17b.stl,obj27.glb,0.008392,0.979746,0.97768,0.98182,0.99832,0.99765,0.99899,0.770923,0.607837,763516,381207,False,0,1606,1
2026-09-07T12:58:46,hunyuan_m130_elev10,obj28_conveyorroller_600.stl,obj28.glb,0.006102,0.999335,1.0,0.99867,1.0,1.0,1.0,0.986076,0.918771,208892,104362,False,1,255,1
2026-09-07T12:59:06,hunyuan_m130_elev10,obj29_telescopicslide_ahh150.stl,obj29.glb,0.007704,0.91328,1.0,0.8404,1.0,1.0,1.0,0.740405,0.624058,236290,116432,False,2,4932,1
2026-09-07T12:59:13,hunyuan_m130_elev10,obj30_turnbuckle_vrh10.stl,obj30.glb,0.007993,0.879112,0.99005,0.79053,0.999295,1.0,0.99859,0.841922,0.806433,103162,51329,False,0,733,1
2026-09-07T12:59:29,hunyuan_m130_elev30,obj01_dr500.stl,obj01.glb,0.024139,0.648275,0.63497,0.66215,0.802646,0.79035,0.81533,0.831268,0.780461,2510706,1254029,False,7,3867,1
2026-09-07T12:59:41,hunyuan_m130_elev30,obj02_motor_smk.stl,obj02.glb,0.034411,0.454014,0.48896,0.42373,0.696416,0.74242,0.65578,0.653663,0.782827,835116,415967,False,7,4590,4
2026-09-07T12:59:53,hunyuan_m130_elev30,obj03_agl5h18.stl,obj03.glb,0.063335,0.224438,0.25853,0.19829,0.435267,0.48403,0.39543,0.538431,0.425853,639932,318119,False,9,5396,4
2026-09-07T13:00:06,hunyuan_m130_elev30,obj04_indexer_110da.stl,obj04.glb,0.024075,0.529725,0.53782,0.52187,0.852705,0.87264,0.83366,0.765215,0.80322,1345268,669490,False,26,9175,15
2026-09-07T13:00:17,hunyuan_m130_elev30,obj05_softbrake_7347.stl,obj05.glb,0.025917,0.509935,0.73135,0.39143,0.786889,0.93149,0.68115,0.739602,0.795632,1523212,757598,False,90,11373,3
2026-09-07T13:00:34,hunyuan_m130_elev30,obj06_swivel_dsh.stl,obj06.glb,0.037459,0.356818,0.41566,0.31257,0.625246,0.7118,0.55746,0.677218,0.74569,2263636,1127032,False,30,13909,17
2026-09-07T13:00:51,hunyuan_m130_elev30,obj07_pmpf_pump.stl,obj07.glb,0.018252,0.74363,0.74307,0.74419,0.907788,0.89975,0.91597,0.876032,0.882487,1116446,555847,False,14,7031,6
2026-09-07T13:01:04,hunyuan_m130_elev30,obj08_air_bearing.stl,obj08.glb,0.036089,0.506827,0.66217,0.41052,0.73843,0.90596,0.62319,0.713717,0.859582,1676728,836417,False,4,5711,11
2026-09-07T13:01:17,hunyuan_m130_elev30,obj09_flangebearing_ssucf.stl,obj09.glb,0.028191,0.420811,0.43281,0.40946,0.762849,0.76195,0.76375,0.677706,0.659308,1396292,697199,False,24,2756,1
2026-09-07T13:01:27,hunyuan_m130_elev30,obj10_pillowblock_ucpx1.stl,obj10.glb,0.017896,0.737153,0.8351,0.65977,0.887436,0.96887,0.81863,0.773579,0.812318,734792,366467,False,17,2676,1
2026-09-07T13:01:40,hunyuan_m130_elev30,obj11_gearbox_ec05.stl,obj11.glb,0.036808,0.389181,0.51831,0.31156,0.640659,0.74291,0.56315,0.588509,0.233854,919542,456168,False,42,9878,5
2026-09-07T13:02:01,hunyuan_m130_elev30,obj12_actuator_ra120sr.stl,obj12.glb,0.047413,0.313223,0.69006,0.20259,0.528973,0.95264,0.36614,0.670937,0.84629,917052,455670,False,38,8087,3
2026-09-07T13:02:20,hunyuan_m130_elev30,obj13_gripper_sgm.stl,obj13.glb,0.091414,0.20037,0.2781,0.1566,0.352349,0.4285,0.29918,0.542713,0.504145,2162120,1074557,False,58,18935,21
2026-09-07T13:02:31,hunyuan_m130_elev30,obj14_gripper_sngv.stl,obj14.glb,0.015484,0.7292,0.77389,0.68939,0.9571,0.98156,0.93383,0.6622,0.733372,449872,222582,False,15,6485,1
2026-09-07T13:02:48,hunyuan_m130_elev30,obj15_gripper_swgm.stl,obj15.glb,0.084857,0.23936,0.24353,0.23533,0.428792,0.42085,0.43704,0.52185,0.217438,1640856,811277,False,75,25344,3
2026-09-07T13:02:58,hunyuan_m130_elev30,obj16_gripper_gsfga.stl,obj16.glb,0.023854,0.56141,0.78308,0.43755,0.839783,0.95543,0.74911,0.78321,0.631605,459190,228757,False,5,2451,3
2026-09-07T13:03:06,hunyuan_m130_elev30,obj17_adapterplate_nl12.stl,obj17.glb,0.018931,0.703948,0.70976,0.69823,0.877371,0.88143,0.87335,0.766355,0.64356,1154176,575302,False,16,4959,1
2026-09-07T13:03:17,hunyuan_m130_elev30,obj18_flangeplate_e43006.stl,obj18.glb,0.01113,0.877872,0.88055,0.87521,0.974098,0.97284,0.97536,0.903366,0.732713,962076,480612,False,3,1214,1
2026-09-07T13:03:41,hunyuan_m130_elev30,obj19_hingedbushing_cl5040.stl,obj19.glb,0.056109,0.298467,0.33492,0.26917,0.510531,0.54512,0.48007,0.648599,0.510268,713704,353054,False,28,10904,1
2026-09-07T13:03:56,hunyuan_m130_elev30,obj20_enclosure_rspro.stl,obj20.glb,0.038474,0.364931,0.3482,0.38335,0.615702,0.57629,0.6609,0.706307,0.156872,1143048,570163,False,5,3796,1
2026-09-07T13:04:12,hunyuan_m130_elev30,obj21_enclosure_camdenboss.stl,obj21.glb,0.029199,0.602182,0.53828,0.6833,0.765672,0.70435,0.83869,0.659835,0.171772,1044582,517318,False,45,14188,3
2026-09-07T13:04:22,hunyuan_m130_elev30,obj22_junctionbox_23nct1.stl,obj22.glb,0.024805,0.617292,0.72196,0.53913,0.832782,0.90866,0.7686,0.54819,0.644095,561488,272182,False,165,24730,16
2026-09-07T13:04:30,hunyuan_m130_elev30,obj23_gasspring_kgl28.stl,obj23.glb,0.004519,0.937764,0.94602,0.92965,0.994068,0.99539,0.99275,0.909665,0.915567,92786,46112,False,0,841,1
2026-09-07T13:04:47,hunyuan_m130_elev30,obj24_manifold_hm031p024s.stl,obj24.glb,0.037268,0.306723,0.28262,0.33532,0.704868,0.6541,0.76418,0.694144,0.726375,1976706,977825,False,185,30247,47
2026-09-07T13:04:55,hunyuan_m130_elev30,obj25_valveblock_ad03pb042s.stl,obj25.glb,0.03206,0.347196,0.35415,0.34051,0.716458,0.7223,0.71071,0.678451,0.780376,770236,383254,False,8,5415,1
2026-09-07T13:05:06,hunyuan_m130_elev30,obj26_flywheel_gdfl.stl,obj26.glb,0.008449,0.914033,0.93921,0.89017,0.982471,0.98545,0.97951,0.795546,0.805648,1028278,510645,False,73,9538,1
2026-09-07T13:05:13,hunyuan_m130_elev30,obj27_vbeltpulley_spb17b.stl,obj27.glb,0.010641,0.903689,0.88321,0.92514,0.98551,0.98526,0.98576,0.737839,0.655937,743492,370461,False,17,3743,1
2026-09-07T13:05:22,hunyuan_m130_elev30,obj28_conveyorroller_600.stl,obj28.glb,0.006926,0.999365,1.0,0.99873,1.0,1.0,1.0,0.986309,0.905997,210682,105260,False,8,246,1
2026-09-07T13:05:42,hunyuan_m130_elev30,obj29_telescopicslide_ahh150.stl,obj29.glb,0.008585,0.887684,1.0,0.79805,1.0,1.0,1.0,0.836206,0.783888,239124,116999,False,10,7536,1
2026-09-07T13:05:49,hunyuan_m130_elev30,obj30_turnbuckle_vrh10.stl,obj30.glb,0.010067,0.82645,0.92655,0.74587,0.997066,1.0,0.99415,0.805107,0.710029,110406,54473,False,7,1938,1
2026-09-07T13:06:03,hunyuan_m130_elev40,obj01_dr500.stl,obj01.glb,0.034407,0.397492,0.40168,0.39339,0.702138,0.72628,0.67955,0.753271,0.699794,2403910,1200957,False,7,2919,1
2026-09-07T13:06:16,hunyuan_m130_elev40,obj02_motor_smk.stl,obj02.glb,0.037169,0.398884,0.416,0.38312,0.67321,0.70024,0.64819,0.616416,0.755084,897064,446441,False,23,6100,2
2026-09-07T13:06:29,hunyuan_m130_elev40,obj03_agl5h18.stl,obj03.glb,0.06312,0.234556,0.27905,0.2023,0.447609,0.51683,0.39474,0.535947,0.4279,604486,299222,False,4,8423,6
2026-09-07T13:06:44,hunyuan_m130_elev40,obj04_indexer_110da.stl,obj04.glb,0.04871,0.254163,0.25184,0.25653,0.485018,0.49214,0.4781,0.62512,0.639817,1641178,815288,False,55,15543,18
2026-09-07T13:06:55,hunyuan_m130_elev40,obj05_softbrake_7347.stl,obj05.glb,0.032755,0.415563,0.58435,0.32243,0.67191,0.78002,0.59012,0.646726,0.636975,1303284,649749,False,12,5528,18
2026-09-07T13:07:12,hunyuan_m130_elev40,obj06_swivel_dsh.stl,obj06.glb,0.038028,0.373012,0.41735,0.33719,0.615394,0.6824,0.56037,0.65897,0.71704,2438482,1214783,False,22,13155,6
2026-09-07T13:07:29,hunyuan_m130_elev40,obj07_pmpf_pump.stl,obj07.glb,0.025319,0.541291,0.52128,0.5629,0.859491,0.82983,0.89135,0.817314,0.838384,1101024,548554,False,11,5837,11
2026-09-07T13:07:43,hunyuan_m130_elev40,obj08_air_bearing.stl,obj08.glb,0.040593,0.436299,0.56879,0.35387,0.673913,0.82857,0.56791,0.696379,0.82793,1608464,802248,False,4,5871,9
2026-09-07T13:07:56,hunyuan_m130_elev40,obj09_flangebearing_ssucf.stl,obj09.glb,0.030634,0.325653,0.33664,0.31536,0.726428,0.74325,0.71035,0.665292,0.627186,1363374,680632,False,10,3084,3
2026-09-07T13:08:06,hunyuan_m130_elev40,obj10_pillowblock_ucpx1.stl,obj10.glb,0.018558,0.666585,0.74045,0.60612,0.902686,0.9653,0.8477,0.741637,0.803268,753560,375926,False,14,2488,2
2026-09-07T13:08:19,hunyuan_m130_elev40,obj11_gearbox_ec05.stl,obj11.glb,0.044108,0.330239,0.45819,0.25815,0.545498,0.65968,0.46501,0.595239,0.186206,810030,400994,False,64,11548,6
2026-09-07T13:08:40,hunyuan_m130_elev40,obj12_actuator_ra120sr.stl,obj12.glb,0.049297,0.277798,0.63421,0.17785,0.493386,0.92631,0.33624,0.641621,0.797207,833554,415666,False,8,3205,1
2026-09-07T13:09:00,hunyuan_m130_elev40,obj13_gripper_sgm.stl,obj13.glb,0.096886,0.177535,0.21985,0.14888,0.314238,0.34552,0.28815,0.513288,0.473179,2557210,1273213,False,12,15872,9
2026-09-07T13:09:11,hunyuan_m130_elev40,obj14_gripper_sngv.stl,obj14.glb,0.019633,0.583983,0.63989,0.53706,0.904699,0.94111,0.871,0.587804,0.649041,390436,192851,False,38,6579,3
2026-09-07T13:09:27,hunyuan_m130_elev40,obj15_gripper_swgm.stl,obj15.glb,0.085441,0.239179,0.2386,0.23976,0.424788,0.41082,0.43974,0.529253,0.214169,1687134,836611,False,45,19449,6
2026-09-07T13:09:37,hunyuan_m130_elev40,obj16_gripper_gsfga.stl,obj16.glb,0.027673,0.494594,0.67281,0.39102,0.776562,0.89379,0.68652,0.74907,0.597813,485548,241837,False,1,2733,3
2026-09-07T13:09:45,hunyuan_m130_elev40,obj17_adapterplate_nl12.stl,obj17.glb,0.026884,0.592968,0.60744,0.57917,0.764875,0.79529,0.7367,0.655394,0.596523,1146826,572197,False,3,3215,1
2026-09-07T13:09:57,hunyuan_m130_elev40,obj18_flangeplate_e43006.stl,obj18.glb,0.01311,0.852243,0.85345,0.85104,0.951956,0.94827,0.95567,0.868148,0.702073,926180,462432,False,8,1866,1
2026-09-07T13:10:20,hunyuan_m130_elev40,obj19_hingedbushing_cl5040.stl,obj19.glb,0.057692,0.27612,0.30266,0.25386,0.484743,0.51406,0.45859,0.635066,0.48742,719364,356492,False,15,9316,1
2026-09-07T13:10:37,hunyuan_m130_elev40,obj20_enclosure_rspro.stl,obj20.glb,0.066336,0.251018,0.23375,0.27104,0.456549,0.42345,0.49526,0.512863,0.118891,1286070,640720,False,3,6520,9
2026-09-07T13:10:53,hunyuan_m130_elev40,obj21_enclosure_camdenboss.stl,obj21.glb,0.039482,0.465321,0.4291,0.50822,0.686932,0.67718,0.69697,0.612673,0.135836,933888,464143,False,10,7671,1
2026-09-07T13:11:04,hunyuan_m130_elev40,obj22_junctionbox_23nct1.stl,obj22.glb,0.057099,0.232308,0.22404,0.24121,0.433581,0.41437,0.45466,0.530512,0.443958,880320,427975,False,279,33419,8
2026-09-07T13:11:14,hunyuan_m130_elev40,obj23_gasspring_kgl28.stl,obj23.glb,0.014334,0.956974,0.95459,0.95937,1.0,1.0,1.0,0.928532,0.726193,80530,40010,False,0,764,1
2026-09-07T13:11:30,hunyuan_m130_elev40,obj24_manifold_hm031p024s.stl,obj24.glb,0.037935,0.354148,0.34234,0.3668,0.629739,0.61552,0.64463,0.691922,0.70758,1763934,877013,False,67,14432,22
2026-09-07T13:11:39,hunyuan_m130_elev40,obj25_valveblock_ad03pb042s.stl,obj25.glb,0.051821,0.324238,0.39309,0.27591,0.564875,0.73681,0.458,0.59991,0.579544,691190,343883,False,2,5030,2
2026-09-07T13:11:50,hunyuan_m130_elev40,obj26_flywheel_gdfl.stl,obj26.glb,0.010786,0.900363,0.90285,0.89789,0.975173,0.97113,0.97925,0.761698,0.64457,1120016,552191,False,89,21149,1
2026-09-07T13:11:57,hunyuan_m130_elev40,obj27_vbeltpulley_spb17b.stl,obj27.glb,0.012183,0.841431,0.81636,0.86809,0.965915,0.96909,0.96276,0.706594,0.593469,745524,371679,False,18,3074,1
2026-09-07T13:12:05,hunyuan_m130_elev40,obj28_conveyorroller_600.stl,obj28.glb,0.004868,0.999345,1.0,0.99869,1.0,1.0,1.0,0.987184,0.939894,206176,102976,False,0,324,1
2026-09-07T13:12:23,hunyuan_m130_elev40,obj29_telescopicslide_ahh150.stl,obj29.glb,0.011084,0.815006,0.84798,0.7845,0.99972,1.0,0.99944,0.827089,0.706007,212836,103926,False,11,7263,1
2026-09-07T13:12:30,hunyuan_m130_elev40,obj30_turnbuckle_vrh10.stl,obj30.glb,0.016142,0.716594,0.8904,0.59956,0.972308,0.99884,0.94715,0.813307,0.617087,94162,46420,False,1,1894,1
2026-09-07T13:12:46,hunyuan_mv_withmethod_elev0,obj01_dr500.stl,obj01.glb,0.047098,0.257846,0.29145,0.23119,0.539258,0.59418,0.49363,0.728658,0.573111,2052504,1024880,False,15,3938,4
2026-09-07T13:12:59,hunyuan_mv_withmethod_elev0,obj02_motor_smk.stl,obj02.glb,0.037414,0.384876,0.40081,0.37016,0.651005,0.68112,0.62344,0.629303,0.74916,804160,400098,False,10,5826,1
2026-09-07T13:13:12,hunyuan_mv_withmethod_elev0,obj03_agl5h18.stl,obj03.glb,0.075573,0.260779,0.27997,0.24405,0.446606,0.49251,0.40853,0.508865,0.275434,1708990,843319,False,24,30229,7
2026-09-07T13:13:26,hunyuan_mv_withmethod_elev0,obj04_indexer_110da.stl,obj04.glb,0.037539,0.391087,0.41769,0.36767,0.65915,0.69721,0.62503,0.65221,0.705304,981240,489566,False,1,3130,1
2026-09-07T13:13:39,hunyuan_mv_withmethod_elev0,obj05_softbrake_7347.stl,obj05.glb,0.106658,0.161125,0.21802,0.12778,0.308168,0.35094,0.27469,0.589126,0.432054,2661360,1291999,False,11,105589,172
2026-09-07T13:13:56,hunyuan_mv_withmethod_elev0,obj06_swivel_dsh.stl,obj06.glb,0.040838,0.297555,0.35884,0.25415,0.572453,0.65147,0.51053,0.637258,0.714596,2150562,1069426,False,39,16302,12
2026-09-07T13:14:14,hunyuan_mv_withmethod_elev0,obj07_pmpf_pump.stl,obj07.glb,0.021217,0.749411,0.74181,0.75717,0.892458,0.86952,0.91664,0.861429,0.870588,1108110,551897,False,7,6354,2
2026-09-07T13:14:27,hunyuan_mv_withmethod_elev0,obj08_air_bearing.stl,obj08.glb,0.042145,0.455422,0.58908,0.3712,0.704248,0.89828,0.57915,0.705191,0.839822,1542014,768214,False,24,8169,8
2026-09-07T13:14:39,hunyuan_mv_withmethod_elev0,obj09_flangebearing_ssucf.stl,obj09.glb,0.030657,0.520101,0.588,0.46626,0.769473,0.8568,0.6983,0.683063,0.736341,1249382,623168,False,21,4430,2
2026-09-07T13:14:50,hunyuan_mv_withmethod_elev0,obj10_pillowblock_ucpx1.stl,obj10.glb,0.025963,0.525897,0.57633,0.48358,0.781821,0.84652,0.72631,0.654121,0.512927,794642,395715,False,7,4662,1
2026-09-07T13:15:04,hunyuan_mv_withmethod_elev0,obj11_gearbox_ec05.stl,obj11.glb,0.040514,0.353643,0.4543,0.2895,0.590444,0.67046,0.52749,0.588085,0.250859,940140,467592,False,23,7273,9
2026-09-07T13:15:25,hunyuan_mv_withmethod_elev0,obj12_actuator_ra120sr.stl,obj12.glb,0.050005,0.28807,0.61948,0.18767,0.518407,0.9528,0.35607,0.63455,0.84914,995008,489839,False,197,20459,5
2026-09-07T13:15:49,hunyuan_mv_withmethod_elev0,obj13_gripper_sgm.stl,obj13.glb,0.085783,0.238593,0.27961,0.20807,0.408672,0.44586,0.37721,0.474425,0.321616,4401526,2086001,False,123,303788,153
2026-09-07T13:16:07,hunyuan_mv_withmethod_elev0,obj14_gripper_sngv.stl,obj14.glb,0.097178,0.165871,0.16369,0.16811,0.298041,0.28009,0.31845,0.550009,0.165483,587552,283885,False,14,26779,22
2026-09-07T13:16:40,hunyuan_mv_withmethod_elev0,obj15_gripper_swgm.stl,obj15.glb,0.093877,0.188559,0.13128,0.33451,0.341032,0.23419,0.62715,0.515919,0.170003,7829626,3731573,False,163,491666,337
2026-09-07T13:16:50,hunyuan_mv_withmethod_elev0,obj16_gripper_gsfga.stl,obj16.glb,0.026491,0.580978,0.90223,0.42843,0.729945,0.99115,0.5777,0.834316,0.766634,386018,192441,False,2,1708,1
2026-09-07T13:17:01,hunyuan_mv_withmethod_elev0,obj17_adapterplate_nl12.stl,obj17.glb,0.185586,0.091725,0.08021,0.1071,0.180111,0.15512,0.2147,0.455346,0.161777,2306930,1151136,False,9,6907,17
2026-09-07T13:17:11,hunyuan_mv_withmethod_elev0,obj18_flangeplate_e43006.stl,obj18.glb,0.022819,0.720028,0.64841,0.80943,0.856207,0.78188,0.94615,0.810429,0.608855,1202218,600525,False,40,1706,1
2026-09-07T13:17:31,hunyuan_mv_withmethod_elev0,obj19_hingedbushing_cl5040.stl,obj19.glb,0.060927,0.243012,0.26176,0.22677,0.4519,0.46365,0.44073,0.589739,0.448833,725588,359633,False,4,9171,1
2026-09-07T13:17:51,hunyuan_mv_withmethod_elev0,obj20_enclosure_rspro.stl,obj20.glb,0.122391,0.107074,0.08482,0.14516,0.18525,0.13967,0.27499,0.502741,0.079136,4231656,2059386,False,41,157996,140
2026-09-07T13:18:08,hunyuan_mv_withmethod_elev0,obj21_enclosure_camdenboss.stl,obj21.glb,0.083058,0.196428,0.22896,0.17199,0.389253,0.41115,0.36957,0.44617,0.052565,1396246,689930,False,38,23245,3
2026-09-07T13:18:33,hunyuan_mv_withmethod_elev0,obj22_junctionbox_23nct1.stl,obj22.glb,0.17136,0.118397,0.08427,0.19898,0.197236,0.13513,0.36498,0.474815,0.123329,5473062,2592905,False,177,396865,335
2026-09-07T13:18:55,hunyuan_mv_withmethod_elev0,obj23_gasspring_kgl28.stl,obj23.glb,0.184625,0.099966,0.0769,0.1428,0.18317,0.14075,0.26219,0.354528,0.073421,370256,177584,False,11,19449,6
2026-09-07T13:19:09,hunyuan_mv_withmethod_elev0,obj24_manifold_hm031p024s.stl,obj24.glb,0.149885,0.064673,0.07037,0.05983,0.124583,0.13512,0.11557,0.591011,0.394846,2407416,1198119,False,4,16372,1
2026-09-07T13:19:21,hunyuan_mv_withmethod_elev0,obj25_valveblock_ad03pb042s.stl,obj25.glb,0.229044,0.027752,0.02541,0.03057,0.066442,0.061,0.07295,0.49329,0.228536,2347220,1173526,False,0,265,2
2026-09-07T13:19:31,hunyuan_mv_withmethod_elev0,obj26_flywheel_gdfl.stl,obj26.glb,0.022892,0.713949,0.70307,0.72517,0.889452,0.8413,0.94345,0.670796,0.580904,1260756,600749,False,20,72064,47
2026-09-07T13:19:37,hunyuan_mv_withmethod_elev0,obj27_vbeltpulley_spb17b.stl,obj27.glb,0.045328,0.227652,0.17814,0.31528,0.569533,0.47694,0.70674,0.606412,0.298375,1320860,658723,False,15,5000,1
2026-09-07T13:20:18,hunyuan_mv_withmethod_elev0,obj28_conveyorroller_600.stl,obj28.glb,0.1749,0.080342,0.04819,0.2414,0.156012,0.09558,0.42425,0.499877,0.068842,3422890,1569446,False,106,388901,449
2026-09-07T13:20:41,hunyuan_mv_withmethod_elev0,obj29_telescopicslide_ahh150.stl,obj29.glb,0.233204,0.040724,0.02762,0.07749,0.070521,0.04649,0.14598,0.33164,0.010214,2204768,1100684,False,1,4661,2
2026-09-07T13:21:25,hunyuan_mv_withmethod_elev0,obj30_turnbuckle_vrh10.stl,obj30.glb,0.259752,0.090188,0.06158,0.16844,0.125065,0.08324,0.25137,0.348134,0.03494,428582,205344,False,8,24186,4
2026-09-07T13:21:40,hunyuan_mv_withmethod_elev10,obj01_dr500.stl,obj01.glb,0.016265,0.718039,0.71173,0.72446,0.958334,0.94234,0.97488,0.902653,0.881975,2417424,1207247,False,20,4258,1
2026-09-07T13:21:52,hunyuan_mv_withmethod_elev10,obj02_motor_smk.stl,obj02.glb,0.022685,0.64932,0.69643,0.60818,0.864957,0.92406,0.81296,0.732752,0.864317,824224,410206,False,6,5385,12
2026-09-07T13:22:05,hunyuan_mv_withmethod_elev10,obj03_agl5h18.stl,obj03.glb,0.06359,0.243329,0.28684,0.21128,0.449628,0.51424,0.39944,0.528298,0.431505,610750,303795,False,15,4621,2
2026-09-07T13:22:18,hunyuan_mv_withmethod_elev10,obj04_indexer_110da.stl,obj04.glb,0.032891,0.394422,0.40537,0.38405,0.708491,0.72398,0.69365,0.678821,0.754169,1191244,592984,False,16,7723,2
2026-09-07T13:22:29,hunyuan_mv_withmethod_elev10,obj05_softbrake_7347.stl,obj05.glb,0.031495,0.465391,0.66579,0.35772,0.718299,0.87943,0.60707,0.704553,0.734105,1562130,777590,False,86,9659,4
2026-09-07T13:22:46,hunyuan_mv_withmethod_elev10,obj06_swivel_dsh.stl,obj06.glb,0.035163,0.372189,0.42361,0.3319,0.662932,0.74162,0.59934,0.652162,0.726334,2399014,1193632,False,44,17215,11
2026-09-07T13:23:04,hunyuan_mv_withmethod_elev10,obj07_pmpf_pump.stl,obj07.glb,0.020045,0.731819,0.72442,0.73937,0.915032,0.90957,0.92056,0.870408,0.862913,1194980,594984,False,14,7359,2
2026-09-07T13:23:17,hunyuan_mv_withmethod_elev10,obj08_air_bearing.stl,obj08.glb,0.037096,0.462171,0.57297,0.38728,0.734063,0.89088,0.62419,0.71899,0.846174,1779386,884186,False,97,15519,18
2026-09-07T13:23:29,hunyuan_mv_withmethod_elev10,obj09_flangebearing_ssucf.stl,obj09.glb,0.023647,0.650856,0.70475,0.60462,0.869547,0.95177,0.8004,0.784103,0.811181,1470992,732981,False,7,7427,2
2026-09-07T13:23:39,hunyuan_mv_withmethod_elev10,obj10_pillowblock_ucpx1.stl,obj10.glb,0.023958,0.579761,0.71789,0.48621,0.812789,0.95674,0.70649,0.775445,0.801112,685872,340625,False,59,6433,1
2026-09-07T13:23:53,hunyuan_mv_withmethod_elev10,obj11_gearbox_ec05.stl,obj11.glb,0.036207,0.376805,0.49882,0.30275,0.64114,0.73229,0.57017,0.598178,0.259655,947384,470813,False,21,8443,14
2026-09-07T13:24:14,hunyuan_mv_withmethod_elev10,obj12_actuator_ra120sr.stl,obj12.glb,0.050005,0.325188,0.81898,0.20287,0.497946,0.99449,0.33212,0.714595,0.909592,874922,434955,False,55,6747,6
2026-09-07T13:24:31,hunyuan_mv_withmethod_elev10,obj13_gripper_sgm.stl,obj13.glb,0.0456,0.236925,0.35673,0.17736,0.499583,0.71281,0.38455,0.589141,0.73141,1367328,679632,False,51,11509,11
2026-09-07T13:24:42,hunyuan_mv_withmethod_elev10,obj14_gripper_sngv.stl,obj14.glb,0.01934,0.587317,0.67783,0.51813,0.892198,0.96192,0.8319,0.637452,0.59908,364340,179723,False,10,6348,1
2026-09-07T13:24:59,hunyuan_mv_withmethod_elev10,obj15_gripper_swgm.stl,obj15.glb,0.081528,0.23409,0.23377,0.23441,0.424283,0.40291,0.44805,0.517443,0.242519,1759416,874263,False,52,15628,17
2026-09-07T13:25:08,hunyuan_mv_withmethod_elev10,obj16_gripper_gsfga.stl,obj16.glb,0.021974,0.612192,0.88309,0.46848,0.851406,0.98703,0.74855,0.821901,0.768058,462818,230067,False,1,3862,3
2026-09-07T13:25:19,hunyuan_mv_withmethod_elev10,obj17_adapterplate_nl12.stl,obj17.glb,0.163953,0.081237,0.07293,0.09168,0.173752,0.15239,0.20208,0.438483,0.177727,2505068,1247871,False,11,13198,29
2026-09-07T13:25:28,hunyuan_mv_withmethod_elev10,obj18_flangeplate_e43006.stl,obj18.glb,0.024196,0.71406,0.65306,0.78763,0.828259,0.764,0.90432,0.804578,0.589929,1167182,579810,False,28,10788,1
2026-09-07T13:25:51,hunyuan_mv_withmethod_elev10,obj19_hingedbushing_cl5040.stl,obj19.glb,0.062665,0.24285,0.25888,0.22869,0.463963,0.46307,0.46486,0.612416,0.458909,796246,392764,False,1,15576,1
2026-09-07T13:26:17,hunyuan_mv_withmethod_elev10,obj20_enclosure_rspro.stl,obj20.glb,0.075721,0.216402,0.15915,0.33799,0.362497,0.26347,0.58079,0.538663,0.08373,6433568,3005397,False,149,571473,528
2026-09-07T13:26:35,hunyuan_mv_withmethod_elev10,obj21_enclosure_camdenboss.stl,obj21.glb,0.091872,0.196463,0.23274,0.16997,0.278991,0.32334,0.24534,0.546066,0.076795,1648226,811358,False,73,35142,1
2026-09-07T13:26:44,hunyuan_mv_withmethod_elev10,obj22_junctionbox_23nct1.stl,obj22.glb,0.026187,0.598124,0.83258,0.4667,0.756868,0.95364,0.62741,0.683439,0.735378,389266,193362,False,8,3774,1
2026-09-07T13:27:03,hunyuan_mv_withmethod_elev10,obj23_gasspring_kgl28.stl,obj23.glb,0.206685,0.11604,0.08678,0.17507,0.185598,0.1411,0.27109,0.282093,0.064001,345308,167708,False,3,13107,5
2026-09-07T13:27:30,hunyuan_mv_withmethod_elev10,obj24_manifold_hm031p024s.stl,obj24.glb,0.085256,0.194458,0.16021,0.24733,0.370894,0.31787,0.44515,0.382856,0.349572,7387858,3528549,False,101,448877,358
2026-09-07T13:27:41,hunyuan_mv_withmethod_elev10,obj25_valveblock_ad03pb042s.stl,obj25.glb,0.213703,0.030109,0.02693,0.03414,0.069131,0.06106,0.07966,0.467076,0.228701,2464128,1226115,False,31,16424,55
2026-09-07T13:27:50,hunyuan_mv_withmethod_elev10,obj26_flywheel_gdfl.stl,obj26.glb,0.025688,0.746922,0.71812,0.77813,0.849664,0.79234,0.91593,0.701973,0.603542,1257874,620928,False,58,21903,1
2026-09-07T13:28:00,hunyuan_mv_withmethod_elev10,obj27_vbeltpulley_spb17b.stl,obj27.glb,0.029219,0.545802,0.4087,0.82132,0.805855,0.67746,0.9943,0.479229,0.374905,1468766,730767,False,29,10499,1
2026-09-07T13:28:46,hunyuan_mv_withmethod_elev10,obj28_conveyorroller_600.stl,obj28.glb,0.192065,0.051101,0.03007,0.17,0.10601,0.06289,0.33723,0.478122,0.082752,4037720,1866947,False,149,416103,435
2026-09-07T13:29:09,hunyuan_mv_withmethod_elev10,obj29_telescopicslide_ahh150.stl,obj29.glb,0.176046,0.022094,0.01635,0.03406,0.037639,0.02573,0.07007,0.515733,0.097173,1078186,537939,False,1,3412,1
2026-09-07T13:29:49,hunyuan_mv_withmethod_elev10,obj30_turnbuckle_vrh10.stl,obj30.glb,0.260155,0.093515,0.06697,0.15492,0.131826,0.08993,0.24681,0.345654,0.041467,324416,158608,False,2,9870,4
2026-09-07T13:30:05,hunyuan_mv_withmethod_elev30,obj01_dr500.stl,obj01.glb,0.031168,0.456347,0.44763,0.46541,0.743565,0.72039,0.76828,0.773289,0.717766,2706438,1351986,False,5,3578,1
2026-09-07T13:30:17,hunyuan_mv_withmethod_elev30,obj02_motor_smk.stl,obj02.glb,0.034416,0.45225,0.48322,0.42501,0.713028,0.75143,0.67836,0.642757,0.784133,859606,427520,False,16,6531,2
2026-09-07T13:30:29,hunyuan_mv_withmethod_elev30,obj03_agl5h18.stl,obj03.glb,0.062493,0.238318,0.27996,0.20746,0.45515,0.51326,0.40886,0.539589,0.417565,596598,296666,False,10,4731,2
2026-09-07T13:30:42,hunyuan_mv_withmethod_elev30,obj04_indexer_110da.stl,obj04.glb,0.021895,0.64003,0.64835,0.63192,0.877856,0.90996,0.84794,0.756297,0.823772,1341034,667354,False,23,9114,6
2026-09-07T13:30:53,hunyuan_mv_withmethod_elev30,obj05_softbrake_7347.stl,obj05.glb,0.027777,0.491104,0.72486,0.37135,0.745924,0.92713,0.62397,0.728667,0.811036,1457260,726219,False,29,7073,14
2026-09-07T13:31:10,hunyuan_mv_withmethod_elev30,obj06_swivel_dsh.stl,obj06.glb,0.035751,0.400494,0.45064,0.36039,0.646623,0.71661,0.58909,0.660801,0.737609,2469108,1230494,False,22,11881,6
2026-09-07T13:31:27,hunyuan_mv_withmethod_elev30,obj07_pmpf_pump.stl,obj07.glb,0.017971,0.757172,0.75184,0.76258,0.893093,0.88388,0.9025,0.869373,0.884009,1104254,550665,False,4,4293,1
2026-09-07T13:31:40,hunyuan_mv_withmethod_elev30,obj08_air_bearing.stl,obj08.glb,0.043118,0.265202,0.38141,0.20327,0.672401,0.84157,0.55986,0.696871,0.80915,1744766,867434,False,7,14064,36
2026-09-07T13:31:53,hunyuan_mv_withmethod_elev30,obj09_flangebearing_ssucf.stl,obj09.glb,0.026325,0.556647,0.56679,0.54686,0.811396,0.81776,0.80513,0.733358,0.719214,1561128,779726,False,5,2462,3
2026-09-07T13:32:03,hunyuan_mv_withmethod_elev30,obj10_pillowblock_ucpx1.stl,obj10.glb,0.017424,0.743785,0.83708,0.6692,0.880125,0.96112,0.81172,0.768482,0.824831,751470,374359,False,22,3888,2
2026-09-07T13:32:17,hunyuan_mv_withmethod_elev30,obj11_gearbox_ec05.stl,obj11.glb,0.039464,0.383263,0.49725,0.31179,0.623341,0.71591,0.55197,0.589391,0.228534,987748,490002,False,48,11177,5
2026-09-07T13:32:38,hunyuan_mv_withmethod_elev30,obj12_actuator_ra120sr.stl,obj12.glb,0.047724,0.307941,0.68961,0.19823,0.516828,0.95383,0.35444,0.683509,0.857126,908844,452055,False,21,6864,2
2026-09-07T13:32:58,hunyuan_mv_withmethod_elev30,obj13_gripper_sgm.stl,obj13.glb,0.091239,0.194137,0.26514,0.15313,0.328733,0.40994,0.27438,0.538987,0.488029,2581392,1279998,False,89,30794,32
2026-09-07T13:33:11,hunyuan_mv_withmethod_elev30,obj14_gripper_sngv.stl,obj14.glb,0.087595,0.257633,0.291,0.23113,0.447963,0.48623,0.41528,0.52538,0.282292,432894,213314,False,17,8412,5
2026-09-07T13:33:28,hunyuan_mv_withmethod_elev30,obj15_gripper_swgm.stl,obj15.glb,0.085134,0.24104,0.23839,0.24375,0.424159,0.40284,0.44786,0.524632,0.224132,1725038,854890,False,78,21901,18
2026-09-07T13:33:37,hunyuan_mv_withmethod_elev30,obj16_gripper_gsfga.stl,obj16.glb,0.028785,0.498464,0.6694,0.39707,0.74596,0.87709,0.64894,0.762202,0.627817,512738,255303,False,35,3055,4
2026-09-07T13:33:54,hunyuan_mv_withmethod_elev30,obj17_adapterplate_nl12.stl,obj17.glb,0.139884,0.133446,0.09875,0.20573,0.245469,0.18052,0.38342,0.440004,0.107955,5027140,2447188,False,94,186494,172
2026-09-07T13:34:04,hunyuan_mv_withmethod_elev30,obj18_flangeplate_e43006.stl,obj18.glb,0.029242,0.665027,0.58922,0.76322,0.796492,0.71664,0.89637,0.752506,0.572973,1279700,639339,False,11,1496,2
2026-09-07T13:34:37,hunyuan_mv_withmethod_elev30,obj19_hingedbushing_cl5040.stl,obj19.glb,0.120365,0.113999,0.12702,0.1034,0.223346,0.23047,0.21665,0.544429,0.273087,1209012,484097,False,2,303903,4
2026-09-07T13:34:54,hunyuan_mv_withmethod_elev30,obj20_enclosure_rspro.stl,obj20.glb,0.081018,0.214455,0.24438,0.19106,0.452629,0.4829,0.42593,0.475151,0.114673,1739146,863252,False,30,18116,3
2026-09-07T13:35:13,hunyuan_mv_withmethod_elev30,obj21_enclosure_camdenboss.stl,obj21.glb,0.091299,0.1931,0.2129,0.17667,0.274743,0.29241,0.25909,0.536239,0.071224,1740668,861783,False,26,24872,1
2026-09-07T13:35:23,hunyuan_mv_withmethod_elev30,obj22_junctionbox_23nct1.stl,obj22.glb,0.03631,0.413612,0.47902,0.36392,0.668509,0.76421,0.59411,0.612769,0.643861,559220,271009,False,259,22986,26
2026-09-07T13:35:44,hunyuan_mv_withmethod_elev30,obj23_gasspring_kgl28.stl,obj23.glb,0.20138,0.108625,0.07009,0.24128,0.183785,0.12148,0.37729,0.343299,0.078032,599942,275066,False,4,59810,14
2026-09-07T13:36:02,hunyuan_mv_withmethod_elev30,obj24_manifold_hm031p024s.stl,obj24.glb,0.092604,0.14605,0.1304,0.16597,0.291245,0.26303,0.32624,0.534841,0.407662,3269828,1628676,False,111,18096,21
2026-09-07T13:36:18,hunyuan_mv_withmethod_elev30,obj25_valveblock_ad03pb042s.stl,obj25.glb,0.13757,0.136992,0.10135,0.2113,0.221219,0.16338,0.34245,0.491569,0.246325,4474048,2186686,False,46,143366,190
2026-09-07T13:36:29,hunyuan_mv_withmethod_elev30,obj26_flywheel_gdfl.stl,obj26.glb,0.022028,0.70376,0.70416,0.70336,0.880436,0.84209,0.92244,0.678978,0.587138,1166988,577106,False,77,17122,1
2026-09-07T13:36:37,hunyuan_mv_withmethod_elev30,obj27_vbeltpulley_spb17b.stl,obj27.glb,0.018117,0.705929,0.59637,0.8648,0.90459,0.82913,0.99516,0.549725,0.541323,1097832,547084,False,4,5237,1
2026-09-07T13:36:46,hunyuan_mv_withmethod_elev30,obj28_conveyorroller_600.stl,obj28.glb,0.006045,0.999114,1.0,0.99823,0.99991,1.0,0.99982,0.974966,0.915456,193282,96592,False,1,153,1
2026-09-07T13:37:06,hunyuan_mv_withmethod_elev30,obj29_telescopicslide_ahh150.stl,obj29.glb,0.131189,0.322084,0.25745,0.43005,0.408336,0.28763,0.70361,0.464261,0.126566,1543796,439702,False,6,832967,3
2026-09-07T13:37:42,hunyuan_mv_withmethod_elev30,obj30_turnbuckle_vrh10.stl,obj30.glb,0.224049,0.140172,0.0914,0.30055,0.197563,0.12744,0.43927,0.340305,0.059724,620432,291915,False,2,46623,11
2026-09-07T13:37:56,hunyuan_mv_withmethod_elev40,obj01_dr500.stl,obj01.glb,0.035539,0.354398,0.3583,0.35058,0.691503,0.71899,0.66604,0.734971,0.695429,2494602,1245301,False,6,5833,11
2026-09-07T13:38:09,hunyuan_mv_withmethod_elev40,obj02_motor_smk.stl,obj02.glb,0.03868,0.370512,0.39562,0.3484,0.619985,0.66382,0.58158,0.620026,0.746623,894008,444652,False,15,6831,4
2026-09-07T13:38:22,hunyuan_mv_withmethod_elev40,obj03_agl5h18.stl,obj03.glb,0.061776,0.246274,0.29036,0.21381,0.457666,0.52868,0.40347,0.532776,0.432002,598172,297111,False,20,5773,3
2026-09-07T13:38:38,hunyuan_mv_withmethod_elev40,obj04_indexer_110da.stl,obj04.glb,0.044135,0.269028,0.26365,0.27463,0.572226,0.56076,0.58417,0.654076,0.667512,1756866,873103,False,43,15544,8
2026-09-07T13:38:49,hunyuan_mv_withmethod_elev40,obj05_softbrake_7347.stl,obj05.glb,0.034125,0.400417,0.57534,0.30706,0.657423,0.77242,0.57223,0.643599,0.643818,1252456,624408,False,22,5180,9
2026-09-07T13:39:06,hunyuan_mv_withmethod_elev40,obj06_swivel_dsh.stl,obj06.glb,0.039933,0.359504,0.42352,0.3123,0.616575,0.70578,0.54739,0.654939,0.751692,2410770,1200542,False,33,14113,7
2026-09-07T13:39:24,hunyuan_mv_withmethod_elev40,obj07_pmpf_pump.stl,obj07.glb,0.0296,0.505846,0.4548,0.5698,0.779557,0.70601,0.87021,0.790257,0.818994,1228884,612161,False,13,6797,20
2026-09-07T13:39:38,hunyuan_mv_withmethod_elev40,obj08_air_bearing.stl,obj08.glb,0.040797,0.447409,0.52177,0.3916,0.635541,0.74271,0.5554,0.676948,0.818311,2090242,1041552,False,10,10674,37
2026-09-07T13:39:51,hunyuan_mv_withmethod_elev40,obj09_flangebearing_ssucf.stl,obj09.glb,0.030454,0.32561,0.33545,0.31633,0.758811,0.75555,0.7621,0.663309,0.642818,1463236,730374,False,22,3544,2
2026-09-07T13:40:01,hunyuan_mv_withmethod_elev40,obj10_pillowblock_ucpx1.stl,obj10.glb,0.016612,0.78607,0.86633,0.71942,0.902806,0.9693,0.84485,0.759978,0.825942,767884,382854,False,21,3116,1
2026-09-07T13:40:15,hunyuan_mv_withmethod_elev40,obj11_gearbox_ec05.stl,obj11.glb,0.044841,0.330816,0.43988,0.26509,0.555649,0.65362,0.48322,0.594616,0.194433,839204,415935,False,57,10468,9
2026-09-07T13:40:35,hunyuan_mv_withmethod_elev40,obj12_actuator_ra120sr.stl,obj12.glb,0.048833,0.266933,0.62333,0.16983,0.487814,0.92432,0.33134,0.647049,0.772943,800516,398886,False,16,3958,2
2026-09-07T13:40:56,hunyuan_mv_withmethod_elev40,obj13_gripper_sgm.stl,obj13.glb,0.11378,0.155629,0.20437,0.12566,0.283463,0.34565,0.24024,0.524213,0.409286,2739372,1362325,False,36,21627,25
2026-09-07T13:41:09,hunyuan_mv_withmethod_elev40,obj14_gripper_sngv.stl,obj14.glb,0.022767,0.534055,0.5222,0.54646,0.829867,0.79651,0.86614,0.560955,0.581599,549988,271692,False,30,9285,5
2026-09-07T13:41:26,hunyuan_mv_withmethod_elev40,obj15_gripper_swgm.stl,obj15.glb,0.08163,0.243453,0.23511,0.25241,0.428202,0.40209,0.45794,0.524267,0.222461,1902506,937629,False,148,38761,29
2026-09-07T13:41:37,hunyuan_mv_withmethod_elev40,obj16_gripper_gsfga.stl,obj16.glb,0.038048,0.384855,0.48426,0.31931,0.62933,0.73189,0.55198,0.714152,0.543505,578708,288012,False,13,3878,1
2026-09-07T13:41:55,hunyuan_mv_withmethod_elev40,obj17_adapterplate_nl12.stl,obj17.glb,0.134498,0.138343,0.10398,0.20663,0.273634,0.20588,0.40786,0.486276,0.102546,5264652,2542790,False,141,246958,184
2026-09-07T13:42:05,hunyuan_mv_withmethod_elev40,obj18_flangeplate_e43006.stl,obj18.glb,0.020694,0.730557,0.68313,0.78506,0.881634,0.82013,0.95311,0.805005,0.614081,970560,484527,False,3,2193,1
2026-09-07T13:42:29,hunyuan_mv_withmethod_elev40,obj19_hingedbushing_cl5040.stl,obj19.glb,0.059664,0.265156,0.29537,0.24055,0.47078,0.50002,0.44477,0.624943,0.485752,771208,382222,False,20,9905,2
2026-09-07T13:42:47,hunyuan_mv_withmethod_elev40,obj20_enclosure_rspro.stl,obj20.glb,0.085138,0.195732,0.21114,0.18242,0.39205,0.41678,0.37009,0.455744,0.09464,1580574,787049,False,5,9322,6
2026-09-07T13:43:06,hunyuan_mv_withmethod_elev40,obj21_enclosure_camdenboss.stl,obj21.glb,0.097786,0.21405,0.25126,0.18644,0.307228,0.34859,0.27464,0.508258,0.081965,1553728,750286,False,30,69900,12
2026-09-07T13:43:18,hunyuan_mv_withmethod_elev40,obj22_junctionbox_23nct1.stl,obj22.glb,0.060056,0.214633,0.19772,0.23471,0.40268,0.35491,0.46531,0.509963,0.421352,919600,442846,False,183,45028,43
2026-09-07T13:43:46,hunyuan_mv_withmethod_elev40,obj23_gasspring_kgl28.stl,obj23.glb,0.318583,0.017023,0.00941,0.08913,0.033567,0.01872,0.16225,0.425793,0.014811,2146740,1018659,False,35,137609,60
2026-09-07T13:44:04,hunyuan_mv_withmethod_elev40,obj24_manifold_hm031p024s.stl,obj24.glb,0.093952,0.149217,0.13443,0.16766,0.292421,0.26857,0.32092,0.52065,0.412257,3321672,1653026,False,141,22522,27
2026-09-07T13:44:14,hunyuan_mv_withmethod_elev40,obj25_valveblock_ad03pb042s.stl,obj25.glb,0.036906,0.341697,0.32363,0.3619,0.644457,0.58907,0.71134,0.645501,0.723225,1017816,504156,False,44,14051,28
2026-09-07T13:44:24,hunyuan_mv_withmethod_elev40,obj26_flywheel_gdfl.stl,obj26.glb,0.024466,0.659819,0.66063,0.65901,0.851522,0.83767,0.86584,0.698755,0.550112,1049856,522365,False,31,7439,1
2026-09-07T13:44:30,hunyuan_mv_withmethod_elev40,obj27_vbeltpulley_spb17b.stl,obj27.glb,0.015059,0.724743,0.68229,0.77283,0.977386,0.97926,0.97552,0.609182,0.508582,794770,396723,False,0,1933,1
2026-09-07T13:44:40,hunyuan_mv_withmethod_elev40,obj28_conveyorroller_600.stl,obj28.glb,0.00368,0.999254,1.0,0.99851,1.0,1.0,1.0,0.981001,0.961857,202528,101184,False,0,236,1
2026-09-07T13:44:59,hunyuan_mv_withmethod_elev40,obj29_telescopicslide_ahh150.stl,obj29.glb,0.110115,0.37575,0.268,0.6284,0.442403,0.30102,0.83422,0.47785,0.186884,749610,371644,False,15,8842,1
2026-09-07T13:45:43,hunyuan_mv_withmethod_elev40,obj30_turnbuckle_vrh10.stl,obj30.glb,0.223686,0.142885,0.09207,0.31888,0.2026,0.12942,0.46622,0.364176,0.062097,686650,318233,False,4,59936,7
2026-09-07T13:45:57,hunyuan_material_v1_elev0,obj01_dr500.stl,obj01.glb,0.02517,0.682807,0.72659,0.644,0.873746,0.93376,0.82098,0.841272,0.755947,1919646,958169,False,12,4761,1
2026-09-07T13:46:10,hunyuan_material_v1_elev0,obj02_motor_smk.stl,obj02.glb,0.034242,0.437106,0.46367,0.41342,0.692026,0.72991,0.65788,0.640372,0.767886,815752,406557,False,8,3838,1
2026-09-07T13:46:23,hunyuan_material_v1_elev0,obj03_agl5h18.stl,obj03.glb,0.063297,0.262362,0.29171,0.23838,0.476193,0.50847,0.44777,0.525858,0.430705,663530,330556,False,12,3510,1
2026-09-07T13:46:36,hunyuan_material_v1_elev0,obj04_indexer_110da.stl,obj04.glb,0.029994,0.484589,0.51538,0.45727,0.727413,0.76574,0.69274,0.677073,0.764626,1021150,508816,False,10,5023,1
2026-09-07T13:46:47,hunyuan_material_v1_elev0,obj05_softbrake_7347.stl,obj05.glb,0.051739,0.365703,0.5776,0.26755,0.554628,0.70878,0.45555,0.640285,0.678963,1235450,616362,False,9,3977,12
2026-09-07T13:47:03,hunyuan_material_v1_elev0,obj06_swivel_dsh.stl,obj06.glb,0.031005,0.4236,0.47019,0.38541,0.751117,0.85822,0.66778,0.659544,0.715714,2081576,1035134,False,47,16290,13
2026-09-07T13:47:21,hunyuan_material_v1_elev0,obj07_pmpf_pump.stl,obj07.glb,0.027748,0.421207,0.43438,0.40881,0.818529,0.83054,0.80686,0.865374,0.815944,1029508,512859,False,8,5571,2
2026-09-07T13:47:34,hunyuan_material_v1_elev0,obj08_air_bearing.stl,obj08.glb,0.037497,0.462319,0.60054,0.37582,0.741726,0.92598,0.61863,0.725719,0.846564,1665726,829156,False,15,10874,34
2026-09-07T13:47:46,hunyuan_material_v1_elev0,obj09_flangebearing_ssucf.stl,obj09.glb,0.024498,0.664158,0.69658,0.63462,0.852465,0.8848,0.82241,0.770192,0.688354,1585862,790283,False,23,7594,6
2026-09-07T13:47:57,hunyuan_material_v1_elev0,obj10_pillowblock_ucpx1.stl,obj10.glb,0.025646,0.557768,0.69463,0.46596,0.766652,0.89657,0.66962,0.731241,0.757464,642738,320654,False,7,2077,1
2026-09-07T13:48:11,hunyuan_material_v1_elev0,obj11_gearbox_ec05.stl,obj11.glb,0.037568,0.374957,0.48371,0.30613,0.627731,0.7047,0.56592,0.585233,0.25107,949484,471822,False,17,8652,17
2026-09-07T13:48:31,hunyuan_material_v1_elev0,obj12_actuator_ra120sr.stl,obj12.glb,0.051422,0.287809,0.70762,0.18064,0.500218,0.97579,0.33631,0.69737,0.881642,858958,427348,False,10,6202,9
2026-09-07T13:48:49,hunyuan_material_v1_elev0,obj13_gripper_sgm.stl,obj13.glb,0.04394,0.35136,0.56429,0.2551,0.576421,0.78951,0.45391,0.589879,0.765133,1569112,776969,False,86,21137,13
2026-09-07T13:49:00,hunyuan_material_v1_elev0,obj14_gripper_sngv.stl,obj14.glb,0.090363,0.236224,0.30447,0.19297,0.425669,0.51991,0.36035,0.522831,0.282494,332130,164230,False,6,5123,2
2026-09-07T13:49:16,hunyuan_material_v1_elev0,obj15_gripper_swgm.stl,obj15.glb,0.083172,0.232212,0.23049,0.23396,0.415297,0.39772,0.4345,0.511465,0.254058,1694172,843452,False,24,10633,19
2026-09-07T13:49:25,hunyuan_material_v1_elev0,obj16_gripper_gsfga.stl,obj16.glb,0.022574,0.640257,0.9567,0.48112,0.861652,0.9928,0.76111,0.853095,0.74638,395590,197370,False,9,1256,1
2026-09-07T13:49:34,hunyuan_material_v1_elev0,obj17_adapterplate_nl12.stl,obj17.glb,0.016561,0.560401,0.58802,0.53526,0.990825,0.99466,0.98702,0.783689,0.774493,1235300,616110,False,4,4353,1
2026-09-07T13:49:45,hunyuan_material_v1_elev0,obj18_flangeplate_e43006.stl,obj18.glb,0.008666,0.897654,0.90293,0.89244,0.985806,0.98957,0.98207,0.92286,0.810551,937728,468149,False,1,2047,1
2026-09-07T13:50:06,hunyuan_material_v1_elev0,obj19_hingedbushing_cl5040.stl,obj19.glb,0.066355,0.241293,0.25391,0.22987,0.439801,0.4465,0.4333,0.588049,0.456653,634332,313108,False,3,11531,2
2026-09-07T13:50:24,hunyuan_material_v1_elev0,obj20_enclosure_rspro.stl,obj20.glb,0.064141,0.409405,0.53032,0.33339,0.610079,0.68564,0.54952,0.638266,0.181167,603842,300428,False,5,4410,5
2026-09-07T13:50:39,hunyuan_material_v1_elev0,obj21_enclosure_camdenboss.stl,obj21.glb,0.032237,0.560918,0.58764,0.53652,0.727108,0.76635,0.69169,0.477748,0.236073,967194,480350,False,39,9211,1
2026-09-07T13:50:47,hunyuan_material_v1_elev0,obj22_junctionbox_23nct1.stl,obj22.glb,0.026069,0.609267,0.81912,0.48501,0.796197,0.95258,0.68392,0.651537,0.680144,387112,192156,False,307,3652,1
2026-09-07T13:50:56,hunyuan_material_v1_elev0,obj23_gasspring_kgl28.stl,obj23.glb,0.004265,0.943418,0.94976,0.93716,0.995661,0.9976,0.99373,0.906137,0.897321,89262,44516,False,0,339,1
2026-09-07T13:51:10,hunyuan_material_v1_elev0,obj24_manifold_hm031p024s.stl,obj24.glb,0.115441,0.288091,0.33018,0.25552,0.357905,0.40757,0.31903,0.577338,0.494896,1824082,909378,False,1,7972,1
2026-09-07T13:51:22,hunyuan_material_v1_elev0,obj25_valveblock_ad03pb042s.stl,obj25.glb,0.229919,0.029382,0.02683,0.03247,0.064754,0.05853,0.07246,0.488066,0.227727,2360910,1178992,False,0,3891,1
2026-09-07T13:51:32,hunyuan_material_v1_elev0,obj26_flywheel_gdfl.stl,obj26.glb,0.00923,0.915111,0.96691,0.86858,0.965058,0.9909,0.94053,0.796759,0.8599,931220,464646,False,17,2693,1
2026-09-07T13:51:37,hunyuan_material_v1_elev0,obj27_vbeltpulley_spb17b.stl,obj27.glb,0.016987,0.84518,0.73478,0.99462,0.894794,0.80988,0.9996,0.58173,0.512749,925164,461574,False,10,2921,1
2026-09-07T13:51:47,hunyuan_material_v1_elev0,obj28_conveyorroller_600.stl,obj28.glb,0.005363,0.99939,1.0,0.99878,1.0,1.0,1.0,0.984493,0.929682,206986,103434,False,0,180,1
2026-09-07T13:52:06,hunyuan_material_v1_elev0,obj29_telescopicslide_ahh150.stl,obj29.glb,0.011662,0.796444,0.99816,0.66255,0.972902,0.99816,0.94889,0.773275,0.587544,157780,78329,False,0,1688,4
2026-09-07T13:52:13,hunyuan_material_v1_elev0,obj30_turnbuckle_vrh10.stl,obj30.glb,0.006846,0.906976,0.99755,0.83148,0.999335,1.0,0.99867,0.859816,0.848566,99064,49162,False,1,1060,1
2026-09-07T13:52:28,hunyuan_material_v1_elev10,obj01_dr500.stl,obj01.glb,0.015529,0.787764,0.77354,0.80252,0.958715,0.93421,0.98454,0.915669,0.906621,2499992,1249010,False,0,2900,1
2026-09-07T13:52:40,hunyuan_material_v1_elev10,obj02_motor_smk.stl,obj02.glb,0.024398,0.60883,0.65488,0.56883,0.871096,0.92657,0.82189,0.727507,0.857192,803866,400369,False,4,4505,3
2026-09-07T13:52:53,hunyuan_material_v1_elev10,obj03_agl5h18.stl,obj03.glb,0.060191,0.257039,0.29404,0.22831,0.47018,0.51248,0.43433,0.535379,0.420428,646698,321539,False,5,5286,6
2026-09-07T13:53:08,hunyuan_material_v1_elev10,obj04_indexer_110da.stl,obj04.glb,0.02537,0.563419,0.56154,0.56531,0.791592,0.79749,0.78578,0.744194,0.79655,1309426,651953,False,16,8054,2
2026-09-07T13:53:18,hunyuan_material_v1_elev10,obj05_softbrake_7347.stl,obj05.glb,0.03148,0.443897,0.61886,0.34606,0.715525,0.84058,0.62286,0.67863,0.665826,1371618,682286,False,68,10065,3
2026-09-07T13:53:34,hunyuan_material_v1_elev10,obj06_swivel_dsh.stl,obj06.glb,0.03744,0.343124,0.41233,0.29381,0.637871,0.74771,0.55617,0.652223,0.74545,2232650,1111642,False,33,13783,12
2026-09-07T13:53:51,hunyuan_material_v1_elev10,obj07_pmpf_pump.stl,obj07.glb,0.020581,0.685269,0.67507,0.69578,0.916615,0.90989,0.92344,0.860815,0.861596,1170404,582943,False,10,6557,2
2026-09-07T13:54:04,hunyuan_material_v1_elev10,obj08_air_bearing.stl,obj08.glb,0.037918,0.438092,0.5303,0.3732,0.727444,0.88611,0.61697,0.720716,0.822882,1687020,839936,False,23,10413,11
2026-09-07T13:54:16,hunyuan_material_v1_elev10,obj09_flangebearing_ssucf.stl,obj09.glb,0.02593,0.510459,0.54394,0.48086,0.777762,0.81824,0.7411,0.68509,0.68325,1460674,729501,False,5,2454,2
2026-09-07T13:54:27,hunyuan_material_v1_elev10,obj10_pillowblock_ucpx1.stl,obj10.glb,0.026199,0.554938,0.69721,0.46089,0.76729,0.93054,0.65277,0.732836,0.742133,630230,313052,False,67,5772,1
2026-09-07T13:54:41,hunyuan_material_v1_elev10,obj11_gearbox_ec05.stl,obj11.glb,0.036113,0.396764,0.5227,0.31973,0.64522,0.73196,0.57686,0.590733,0.24238,972326,483229,False,23,8628,4
2026-09-07T13:55:01,hunyuan_material_v1_elev10,obj12_actuator_ra120sr.stl,obj12.glb,0.050195,0.30664,0.74026,0.19337,0.500011,0.98886,0.3346,0.695028,0.893016,878408,437088,False,20,5898,7
2026-09-07T13:55:19,hunyuan_material_v1_elev10,obj13_gripper_sgm.stl,obj13.glb,0.039432,0.295998,0.40761,0.23237,0.5891,0.78169,0.47265,0.561562,0.738298,1521098,754640,False,41,17388,11
2026-09-07T13:55:30,hunyuan_material_v1_elev10,obj14_gripper_sngv.stl,obj14.glb,0.020926,0.575399,0.61522,0.54042,0.866485,0.90758,0.82895,0.612797,0.565776,442732,218881,False,21,6805,2
2026-09-07T13:55:47,hunyuan_material_v1_elev10,obj15_gripper_swgm.stl,obj15.glb,0.082857,0.236606,0.23968,0.23361,0.42782,0.41277,0.44401,0.518652,0.234375,1685558,837751,False,43,14063,3
2026-09-07T13:55:56,hunyuan_material_v1_elev10,obj16_gripper_gsfga.stl,obj16.glb,0.022812,0.567753,0.81247,0.43633,0.85731,0.99123,0.75527,0.808003,0.68481,407220,202821,False,8,2310,1
2026-09-07T13:56:05,hunyuan_material_v1_elev10,obj17_adapterplate_nl12.stl,obj17.glb,0.019889,0.396207,0.42956,0.36766,0.964381,0.96644,0.96233,0.727547,0.681483,1220222,606406,False,26,10351,3
2026-09-07T13:56:16,hunyuan_material_v1_elev10,obj18_flangeplate_e43006.stl,obj18.glb,0.008695,0.896424,0.90321,0.88974,0.985378,0.98793,0.98284,0.917762,0.810947,944670,471876,False,0,1290,1
2026-09-07T13:56:41,hunyuan_material_v1_elev10,obj19_hingedbushing_cl5040.stl,obj19.glb,0.055066,0.298494,0.31691,0.2821,0.513672,0.52522,0.50262,0.648802,0.510557,754800,372683,False,29,13461,1
2026-09-07T13:56:53,hunyuan_material_v1_elev10,obj20_enclosure_rspro.stl,obj20.glb,0.016331,0.80088,0.80944,0.7925,0.890634,0.92315,0.86033,0.825582,0.588123,859918,427453,False,0,5699,1
2026-09-07T13:57:09,hunyuan_material_v1_elev10,obj21_enclosure_camdenboss.stl,obj21.glb,0.02857,0.485934,0.45047,0.52746,0.69357,0.65143,0.74154,0.677069,0.144963,1124910,559263,False,13,8849,2
2026-09-07T13:57:18,hunyuan_material_v1_elev10,obj22_junctionbox_23nct1.stl,obj22.glb,0.02571,0.615336,0.74741,0.52293,0.838375,0.96707,0.73991,0.520725,0.661085,585156,287948,False,57,13432,2
2026-09-07T13:57:27,hunyuan_material_v1_elev10,obj23_gasspring_kgl28.stl,obj23.glb,0.004588,0.933452,0.94258,0.9245,0.992013,0.99332,0.99071,0.905154,0.890872,88834,44336,False,0,246,1
2026-09-07T13:57:41,hunyuan_material_v1_elev10,obj24_manifold_hm031p024s.stl,obj24.glb,0.024335,0.708028,0.6875,0.72982,0.818272,0.79755,0.8401,0.774433,0.855255,1703436,843839,False,151,22542,61
2026-09-07T13:57:50,hunyuan_material_v1_elev10,obj25_valveblock_ad03pb042s.stl,obj25.glb,0.031049,0.531283,0.61118,0.46986,0.704695,0.80483,0.62672,0.730347,0.726514,648304,321814,False,34,6646,3
2026-09-07T13:58:01,hunyuan_material_v1_elev10,obj26_flywheel_gdfl.stl,obj26.glb,0.008195,0.923299,0.96653,0.88377,0.976366,0.99236,0.96088,0.811593,0.873409,1005366,499499,False,22,9128,1
2026-09-07T13:58:07,hunyuan_material_v1_elev10,obj27_vbeltpulley_spb17b.stl,obj27.glb,0.008508,0.970524,0.96461,0.97651,0.99657,0.99445,0.9987,0.774873,0.683906,769082,382540,False,21,5719,1
2026-09-07T13:58:16,hunyuan_material_v1_elev10,obj28_conveyorroller_600.stl,obj28.glb,0.006162,0.99941,1.0,0.99882,0.999995,1.0,0.99999,0.985651,0.916725,209344,104535,False,0,394,1
2026-09-07T13:58:35,hunyuan_material_v1_elev10,obj29_telescopicslide_ahh150.stl,obj29.glb,0.008192,0.889635,1.0,0.80121,0.997614,1.0,0.99524,0.796646,0.61259,238884,114644,False,2,14211,2
2026-09-07T13:58:42,hunyuan_material_v1_elev10,obj30_turnbuckle_vrh10.stl,obj30.glb,0.007385,0.901181,0.995,0.82353,0.999365,1.0,0.99873,0.845874,0.82369,101602,50411,False,2,1139,1
2026-09-07T13:58:57,hunyuan_material_v1_elev30,obj01_dr500.stl,obj01.glb,0.02693,0.623342,0.65281,0.59642,0.819653,0.86551,0.77841,0.801204,0.743919,2192970,1095463,False,4,3021,4
2026-09-07T13:59:09,hunyuan_material_v1_elev30,obj02_motor_smk.stl,obj02.glb,0.03491,0.452583,0.47986,0.42824,0.688309,0.72753,0.6531,0.646593,0.780659,850434,423187,False,14,5845,4
2026-09-07T13:59:22,hunyuan_material_v1_elev30,obj03_agl5h18.stl,obj03.glb,0.063051,0.238496,0.28047,0.20745,0.45194,0.51428,0.40308,0.540957,0.441983,625318,310004,False,14,7765,2
2026-09-07T13:59:35,hunyuan_material_v1_elev30,obj04_indexer_110da.stl,obj04.glb,0.025788,0.50114,0.51662,0.48656,0.827951,0.85647,0.80127,0.742937,0.788341,1358772,676476,False,30,8466,2
2026-09-07T13:59:45,hunyuan_material_v1_elev30,obj05_softbrake_7347.stl,obj05.glb,0.033036,0.416127,0.6141,0.31468,0.682867,0.83562,0.57733,0.678634,0.723658,1430954,713057,False,25,6917,2
2026-09-07T14:00:01,hunyuan_material_v1_elev30,obj06_swivel_dsh.stl,obj06.glb,0.036371,0.38408,0.45282,0.33346,0.639925,0.73937,0.56406,0.671412,0.751822,2231146,1111683,False,27,11451,4
2026-09-07T14:00:18,hunyuan_material_v1_elev30,obj07_pmpf_pump.stl,obj07.glb,0.019741,0.704844,0.70559,0.7041,0.912865,0.91307,0.91266,0.866871,0.868509,1111914,553722,False,6,6579,4
2026-09-07T14:00:31,hunyuan_material_v1_elev30,obj08_air_bearing.stl,obj08.glb,0.035925,0.502472,0.65659,0.40695,0.743224,0.90096,0.63249,0.717786,0.858477,1719170,856701,False,4,8391,31
2026-09-07T14:00:43,hunyuan_material_v1_elev30,obj09_flangebearing_ssucf.stl,obj09.glb,0.028118,0.435804,0.44978,0.42267,0.755225,0.75805,0.75242,0.677293,0.657434,1393132,694570,False,46,5686,1
2026-09-07T14:00:53,hunyuan_material_v1_elev30,obj10_pillowblock_ucpx1.stl,obj10.glb,0.016676,0.758658,0.86296,0.67685,0.89267,0.96978,0.82692,0.776081,0.838151,755834,376777,False,14,3192,1
2026-09-07T14:01:07,hunyuan_material_v1_elev30,obj11_gearbox_ec05.stl,obj11.glb,0.037806,0.378249,0.49695,0.30532,0.625881,0.72263,0.55198,0.592842,0.235431,930252,460221,False,49,13350,6
2026-09-07T14:01:27,hunyuan_material_v1_elev30,obj12_actuator_ra120sr.stl,obj12.glb,0.04771,0.301643,0.66805,0.1948,0.514148,0.93666,0.35432,0.667296,0.836396,897388,445660,False,21,8155,2
2026-09-07T14:01:47,hunyuan_material_v1_elev30,obj13_gripper_sgm.stl,obj13.glb,0.082328,0.200525,0.25968,0.16332,0.365927,0.42128,0.32343,0.546149,0.492694,2620814,1299939,False,29,30434,50
2026-09-07T14:01:57,hunyuan_material_v1_elev30,obj14_gripper_sngv.stl,obj14.glb,0.015798,0.695637,0.76452,0.63814,0.956708,0.98305,0.93174,0.659497,0.715838,417698,207478,False,9,3885,2
2026-09-07T14:02:13,hunyuan_material_v1_elev30,obj15_gripper_swgm.stl,obj15.glb,0.083863,0.24209,0.24429,0.23993,0.432993,0.41952,0.44736,0.520541,0.217169,1652728,820392,False,62,16896,10
2026-09-07T14:02:22,hunyuan_material_v1_elev30,obj16_gripper_gsfga.stl,obj16.glb,0.023905,0.567927,0.78738,0.44414,0.83575,0.95476,0.74312,0.783612,0.629034,457032,227106,False,14,4069,2
2026-09-07T14:02:31,hunyuan_material_v1_elev30,obj17_adapterplate_nl12.stl,obj17.glb,0.018593,0.704448,0.69816,0.71085,0.876234,0.87509,0.87738,0.763849,0.675719,1192712,594938,False,1,3997,3
2026-09-07T14:02:42,hunyuan_material_v1_elev30,obj18_flangeplate_e43006.stl,obj18.glb,0.010631,0.884494,0.88674,0.88226,0.978688,0.97729,0.98009,0.912762,0.735158,942880,471187,False,2,720,1
2026-09-07T14:03:07,hunyuan_material_v1_elev30,obj19_hingedbushing_cl5040.stl,obj19.glb,0.056895,0.291154,0.31766,0.26873,0.497905,0.5238,0.47445,0.643351,0.504054,701528,347855,False,1,8427,1
2026-09-07T14:03:22,hunyuan_material_v1_elev30,obj20_enclosure_rspro.stl,obj20.glb,0.043202,0.306243,0.29144,0.32263,0.558378,0.52365,0.59804,0.686809,0.139086,1172784,584723,False,6,4835,2
2026-09-07T14:03:38,hunyuan_material_v1_elev30,obj21_enclosure_camdenboss.stl,obj21.glb,0.029079,0.498089,0.46298,0.53896,0.716337,0.6695,0.77022,0.690852,0.170909,1158050,572713,False,47,17965,2
2026-09-07T14:03:47,hunyuan_material_v1_elev30,obj22_junctionbox_23nct1.stl,obj22.glb,0.023815,0.632673,0.75198,0.54604,0.833094,0.91924,0.76171,0.545608,0.644164,541226,263691,False,114,19827,12
2026-09-07T14:03:56,hunyuan_material_v1_elev30,obj23_gasspring_kgl28.stl,obj23.glb,0.00427,0.933097,0.94223,0.92414,0.99139,0.99186,0.99092,0.906381,0.914076,92016,45764,False,0,732,1
2026-09-07T14:04:10,hunyuan_material_v1_elev30,obj24_manifold_hm031p024s.stl,obj24.glb,0.037488,0.344967,0.33652,0.35385,0.625189,0.62788,0.62252,0.713356,0.714724,1687574,837284,False,75,18614,20
2026-09-07T14:04:19,hunyuan_material_v1_elev30,obj25_valveblock_ad03pb042s.stl,obj25.glb,0.030219,0.374425,0.38394,0.36537,0.799165,0.83266,0.76826,0.698663,0.804016,745812,370626,False,13,6646,4
2026-09-07T14:04:29,hunyuan_material_v1_elev30,obj26_flywheel_gdfl.stl,obj26.glb,0.008941,0.900421,0.94431,0.86043,0.969248,0.98636,0.95272,0.788448,0.840206,983552,489975,False,25,5168,1
2026-09-07T14:04:36,hunyuan_material_v1_elev30,obj27_vbeltpulley_spb17b.stl,obj27.glb,0.01094,0.885567,0.86764,0.90425,0.98892,0.98938,0.98846,0.738634,0.698099,742092,370355,False,4,2022,2
2026-09-07T14:04:45,hunyuan_material_v1_elev30,obj28_conveyorroller_600.stl,obj28.glb,0.005637,0.99938,1.0,0.99876,1.0,1.0,1.0,0.986346,0.926339,207338,103586,False,2,244,1
2026-09-07T14:05:04,hunyuan_material_v1_elev30,obj29_telescopicslide_ahh150.stl,obj29.glb,0.008201,0.912535,0.99671,0.84147,1.0,1.0,1.0,0.833348,0.667058,233400,113638,False,18,8932,1
2026-09-07T14:05:11,hunyuan_material_v1_elev30,obj30_turnbuckle_vrh10.stl,obj30.glb,0.009481,0.841425,0.9462,0.75754,0.998177,1.0,0.99636,0.819281,0.727668,104558,51923,False,3,1001,1
2026-09-07T14:05:25,hunyuan_material_v1_elev40,obj01_dr500.stl,obj01.glb,0.033486,0.491658,0.52117,0.46531,0.762993,0.8148,0.71738,0.737793,0.696847,2185802,1091827,False,8,3129,12
2026-09-07T14:05:38,hunyuan_material_v1_elev40,obj02_motor_smk.stl,obj02.glb,0.033186,0.429997,0.46874,0.39717,0.731534,0.78232,0.68694,0.660368,0.779303,858528,426551,False,21,7792,2
2026-09-07T14:05:49,hunyuan_material_v1_elev40,obj03_agl5h18.stl,obj03.glb,0.063821,0.235786,0.28182,0.20268,0.445927,0.51531,0.39301,0.53734,0.428501,586312,291450,False,9,4859,1
2026-09-07T14:06:04,hunyuan_material_v1_elev40,obj04_indexer_110da.stl,obj04.glb,0.051106,0.214479,0.2226,0.20693,0.440691,0.47145,0.4137,0.629338,0.632182,1476974,734025,False,55,13016,17
2026-09-07T14:06:15,hunyuan_material_v1_elev40,obj05_softbrake_7347.stl,obj05.glb,0.033373,0.410363,0.56899,0.3209,0.668113,0.78021,0.58418,0.640369,0.629807,1285064,640879,False,6,4780,5
2026-09-07T14:06:32,hunyuan_material_v1_elev40,obj06_swivel_dsh.stl,obj06.glb,0.036212,0.390953,0.44353,0.34952,0.650284,0.72803,0.58754,0.670438,0.733803,2341360,1167098,False,23,10538,7
2026-09-07T14:06:49,hunyuan_material_v1_elev40,obj07_pmpf_pump.stl,obj07.glb,0.02594,0.558411,0.53683,0.5818,0.84065,0.81613,0.86669,0.796231,0.836193,1105130,549533,False,22,8831,16
2026-09-07T14:07:02,hunyuan_material_v1_elev40,obj08_air_bearing.stl,obj08.glb,0.040651,0.417914,0.55496,0.33515,0.679764,0.84047,0.57065,0.700555,0.826564,1599486,798214,False,3,4562,14
2026-09-07T14:07:14,hunyuan_material_v1_elev40,obj09_flangebearing_ssucf.stl,obj09.glb,0.031913,0.363264,0.38821,0.34133,0.681929,0.69272,0.67147,0.666122,0.633893,1329646,663700,False,9,3184,2
2026-09-07T14:07:24,hunyuan_material_v1_elev40,obj10_pillowblock_ucpx1.stl,obj10.glb,0.017962,0.716083,0.79582,0.65087,0.903832,0.96238,0.852,0.765762,0.781231,715128,356846,False,0,1971,1
2026-09-07T14:07:38,hunyuan_material_v1_elev40,obj11_gearbox_ec05.stl,obj11.glb,0.044467,0.316372,0.45135,0.24354,0.544354,0.66697,0.45982,0.600252,0.183318,762394,377807,False,27,9600,5
2026-09-07T14:07:58,hunyuan_material_v1_elev40,obj12_actuator_ra120sr.stl,obj12.glb,0.049337,0.286669,0.64387,0.18438,0.504779,0.93222,0.34609,0.649859,0.81722,843464,420142,False,20,4552,2
2026-09-07T14:08:18,hunyuan_material_v1_elev40,obj13_gripper_sgm.stl,obj13.glb,0.089899,0.19552,0.23231,0.16879,0.346316,0.37459,0.32201,0.515596,0.477182,2697398,1341075,False,32,22516,16
2026-09-07T14:08:29,hunyuan_material_v1_elev40,obj14_gripper_sngv.stl,obj14.glb,0.019375,0.593159,0.64044,0.55238,0.903689,0.94199,0.86838,0.585395,0.64285,424642,209910,False,28,6699,3
2026-09-07T14:08:46,hunyuan_material_v1_elev40,obj15_gripper_swgm.stl,obj15.glb,0.084799,0.244037,0.24102,0.24713,0.432167,0.4147,0.45117,0.524329,0.21383,1702282,844347,False,44,19263,9
2026-09-07T14:08:56,hunyuan_material_v1_elev40,obj16_gripper_gsfga.stl,obj16.glb,0.02591,0.536454,0.73698,0.42171,0.803056,0.92162,0.71152,0.764975,0.619287,480228,238940,False,7,3288,3
2026-09-07T14:09:04,hunyuan_material_v1_elev40,obj17_adapterplate_nl12.stl,obj17.glb,0.024065,0.615338,0.62413,0.60679,0.784969,0.81168,0.75996,0.677367,0.622391,1103236,550301,False,3,3627,1
2026-09-07T14:09:15,hunyuan_material_v1_elev40,obj18_flangeplate_e43006.stl,obj18.glb,0.012031,0.859109,0.86218,0.85606,0.968463,0.96694,0.96999,0.882419,0.71138,934560,466222,False,6,3053,1
2026-09-07T14:09:39,hunyuan_material_v1_elev40,obj19_hingedbushing_cl5040.stl,obj19.glb,0.058466,0.28667,0.31374,0.2639,0.487664,0.51179,0.46571,0.634289,0.490679,713936,353731,False,6,9357,1
2026-09-07T14:09:55,hunyuan_material_v1_elev40,obj20_enclosure_rspro.stl,obj20.glb,0.051705,0.277998,0.23517,0.3399,0.462781,0.39423,0.56019,0.642589,0.128498,1492202,744846,False,6,3507,3
2026-09-07T14:10:10,hunyuan_material_v1_elev40,obj21_enclosure_camdenboss.stl,obj21.glb,0.038297,0.4843,0.44494,0.5313,0.68282,0.65018,0.71891,0.636159,0.151499,924906,459496,False,33,8325,2
2026-09-07T14:10:23,hunyuan_material_v1_elev40,obj22_junctionbox_23nct1.stl,obj22.glb,0.055309,0.225175,0.20793,0.24554,0.439503,0.40364,0.48236,0.514706,0.450499,964572,456876,False,595,66573,3
2026-09-07T14:10:31,hunyuan_material_v1_elev40,obj23_gasspring_kgl28.stl,obj23.glb,0.013198,0.934547,0.92558,0.94369,0.974727,0.96584,0.98378,0.902817,0.739899,83454,41488,False,0,709,1
2026-09-07T14:10:46,hunyuan_material_v1_elev40,obj24_manifold_hm031p024s.stl,obj24.glb,0.038225,0.269066,0.26153,0.27705,0.694856,0.66717,0.72494,0.71251,0.714184,1717256,852409,False,99,17861,15
2026-09-07T14:10:56,hunyuan_material_v1_elev40,obj25_valveblock_ad03pb042s.stl,obj25.glb,0.045479,0.307357,0.32974,0.28782,0.523914,0.5832,0.47557,0.637198,0.651006,757508,374024,False,19,13814,1
2026-09-07T14:11:06,hunyuan_material_v1_elev40,obj26_flywheel_gdfl.stl,obj26.glb,0.00939,0.892098,0.92349,0.86277,0.971076,0.98017,0.96215,0.781542,0.768544,976612,485271,False,53,8451,1
2026-09-07T14:11:13,hunyuan_material_v1_elev40,obj27_vbeltpulley_spb17b.stl,obj27.glb,0.01266,0.820081,0.80589,0.83478,0.966662,0.97318,0.96023,0.700845,0.617236,711190,353765,False,58,5264,1
2026-09-07T14:11:22,hunyuan_material_v1_elev40,obj28_conveyorroller_600.stl,obj28.glb,0.004813,0.99939,1.0,0.99878,1.0,1.0,1.0,0.986006,0.938879,205854,102836,False,0,266,1
2026-09-07T14:11:40,hunyuan_material_v1_elev40,obj29_telescopicslide_ahh150.stl,obj29.glb,0.011029,0.795612,0.86562,0.73608,0.99967,1.0,0.99934,0.834978,0.632079,193790,95719,False,15,3267,1
2026-09-07T14:11:47,hunyuan_material_v1_elev40,obj30_turnbuckle_vrh10.stl,obj30.glb,0.016712,0.692426,0.82253,0.59786,0.964063,0.99368,0.93616,0.799399,0.5955,92188,45530,False,0,1674,1
2026-09-07T14:12:02,hunyuan_persp_v4_elev0,obj01_dr500.stl,obj01.glb,0.022661,0.578976,0.62037,0.54276,0.892556,0.93972,0.8499,0.852149,0.770445,2264320,1130998,False,1,3404,1
2026-09-07T14:12:15,hunyuan_persp_v4_elev0,obj02_motor_smk.stl,obj02.glb,0.030373,0.461811,0.48466,0.44102,0.756324,0.7835,0.73097,0.650974,0.782526,868972,432860,False,10,4681,1
2026-09-07T14:12:27,hunyuan_persp_v4_elev0,obj03_agl5h18.stl,obj03.glb,0.06157,0.272706,0.29494,0.25359,0.493345,0.52348,0.46649,0.535059,0.331233,664750,331217,False,7,3239,1
2026-09-07T14:12:41,hunyuan_persp_v4_elev0,obj04_indexer_110da.stl,obj04.glb,0.025055,0.548083,0.57972,0.51972,0.850311,0.88452,0.81865,0.754257,0.826967,1128776,562739,False,11,4823,2
2026-09-07T14:12:53,hunyuan_persp_v4_elev0,obj05_softbrake_7347.stl,obj05.glb,0.065703,0.440672,0.72513,0.31651,0.656169,0.98388,0.49222,0.703745,0.266542,1352018,674015,False,47,5735,1
2026-09-07T14:13:09,hunyuan_persp_v4_elev0,obj06_swivel_dsh.stl,obj06.glb,0.031826,0.450704,0.55684,0.37855,0.717705,0.85155,0.62022,0.708218,0.802684,2310594,1151163,False,31,12061,7
2026-09-07T14:13:27,hunyuan_persp_v4_elev0,obj07_pmpf_pump.stl,obj07.glb,0.018202,0.738655,0.7381,0.73921,0.935245,0.93043,0.94011,0.889174,0.885912,1191116,593775,False,0,5188,1
2026-09-07T14:13:40,hunyuan_persp_v4_elev0,obj08_air_bearing.stl,obj08.glb,0.039212,0.45644,0.58389,0.37466,0.718768,0.92887,0.58618,0.760618,0.856436,1797836,896408,False,24,7318,20
2026-09-07T14:13:53,hunyuan_persp_v4_elev0,obj09_flangebearing_ssucf.stl,obj09.glb,0.022524,0.691221,0.72411,0.66119,0.872909,0.90137,0.84619,0.801597,0.6874,1651526,823193,False,28,7376,1
2026-09-07T14:14:03,hunyuan_persp_v4_elev0,obj10_pillowblock_ucpx1.stl,obj10.glb,0.024614,0.603797,0.76509,0.49867,0.771408,0.94419,0.65208,0.756737,0.801695,671538,333674,False,107,5871,1
2026-09-07T14:14:18,hunyuan_persp_v4_elev0,obj11_gearbox_ec05.stl,obj11.glb,0.041333,0.354049,0.43481,0.29859,0.597875,0.63947,0.56136,0.589178,0.278163,1110656,553064,False,15,6631,2
2026-09-07T14:14:39,hunyuan_persp_v4_elev0,obj12_actuator_ra120sr.stl,obj12.glb,0.051224,0.287174,0.59244,0.18952,0.504674,0.90686,0.34962,0.642735,0.826041,1005422,500506,False,25,6231,5
2026-09-07T14:14:57,hunyuan_persp_v4_elev0,obj13_gripper_sgm.stl,obj13.glb,0.034773,0.445829,0.66318,0.33578,0.676252,0.89035,0.54516,0.64588,0.844343,1824754,907756,False,36,13476,18
2026-09-07T14:15:09,hunyuan_persp_v4_elev0,obj14_gripper_sngv.stl,obj14.glb,0.091947,0.232078,0.28111,0.19761,0.418914,0.48297,0.36986,0.517535,0.285683,379512,185015,False,20,12003,1
2026-09-07T14:15:26,hunyuan_persp_v4_elev0,obj15_gripper_swgm.stl,obj15.glb,0.084798,0.227285,0.22625,0.22833,0.407477,0.38894,0.42787,0.514332,0.244539,1725026,856946,False,34,15947,9
2026-09-07T14:15:35,hunyuan_persp_v4_elev0,obj16_gripper_gsfga.stl,obj16.glb,0.022,0.634062,0.95673,0.47415,0.854841,0.99197,0.75102,0.862846,0.782198,417808,208300,False,3,1766,1
2026-09-07T14:15:44,hunyuan_persp_v4_elev0,obj17_adapterplate_nl12.stl,obj17.glb,0.007946,0.932146,0.92747,0.93687,0.995478,0.99391,0.99705,0.888758,0.927479,1387646,692188,False,3,4466,3
2026-09-07T14:15:55,hunyuan_persp_v4_elev0,obj18_flangeplate_e43006.stl,obj18.glb,0.007638,0.904822,0.90314,0.90651,0.988275,0.98759,0.98896,0.933746,0.893265,956764,477892,False,4,1328,1
2026-09-07T14:16:19,hunyuan_persp_v4_elev0,obj19_hingedbushing_cl5040.stl,obj19.glb,0.061609,0.269658,0.29087,0.25133,0.489483,0.50943,0.47104,0.628861,0.472965,703028,347798,False,4,10750,3
2026-09-07T14:16:32,hunyuan_persp_v4_elev0,obj20_enclosure_rspro.stl,obj20.glb,0.019136,0.777201,0.80166,0.75419,0.881434,0.88627,0.87665,0.841625,0.388646,956538,477606,False,7,1996,9
2026-09-07T14:16:46,hunyuan_persp_v4_elev0,obj21_enclosure_camdenboss.stl,obj21.glb,0.023451,0.564878,0.51217,0.62968,0.732964,0.65818,0.82692,0.722945,0.202415,1179310,585732,False,17,11217,2
2026-09-07T14:16:55,hunyuan_persp_v4_elev0,obj22_junctionbox_23nct1.stl,obj22.glb,0.028599,0.548148,0.76675,0.42654,0.740948,0.94394,0.60981,0.665601,0.702331,385894,192452,False,0,1480,1
2026-09-07T14:17:04,hunyuan_persp_v4_elev0,obj23_gasspring_kgl28.stl,obj23.glb,0.004553,0.94851,0.9551,0.94201,0.998405,0.99908,0.99773,0.917635,0.897997,93988,46450,False,0,1620,1
2026-09-07T14:17:15,hunyuan_persp_v4_elev0,obj24_manifold_hm031p024s.stl,obj24.glb,0.032827,0.788079,0.95879,0.66897,0.809654,0.97561,0.69195,0.849279,0.913701,986186,492117,False,6,2794,1
2026-09-07T14:17:23,hunyuan_persp_v4_elev0,obj25_valveblock_ad03pb042s.stl,obj25.glb,0.025306,0.533268,0.63059,0.46197,0.831719,0.94017,0.7457,0.78479,0.825815,564258,281954,False,0,531,1
2026-09-07T14:17:33,hunyuan_persp_v4_elev0,obj26_flywheel_gdfl.stl,obj26.glb,0.008772,0.914987,0.96434,0.87044,0.962793,0.98921,0.93775,0.813955,0.873349,1001030,498742,False,16,5017,1
2026-09-07T14:17:38,hunyuan_persp_v4_elev0,obj27_vbeltpulley_spb17b.stl,obj27.glb,0.009029,0.974961,0.96967,0.98031,0.999019,0.99988,0.99816,0.772409,0.69888,797396,397668,False,4,2976,1
2026-09-07T14:17:47,hunyuan_persp_v4_elev0,obj28_conveyorroller_600.stl,obj28.glb,0.007026,0.99845,0.99905,0.99785,1.0,1.0,1.0,0.979297,0.909846,210522,105170,False,0,273,1
2026-09-07T14:18:06,hunyuan_persp_v4_elev0,obj29_telescopicslide_ahh150.stl,obj29.glb,0.008371,0.881106,1.0,0.78748,0.99968,1.0,0.99936,0.73297,0.655952,199324,96423,False,0,9653,1
2026-09-07T14:18:13,hunyuan_persp_v4_elev0,obj30_turnbuckle_vrh10.stl,obj30.glb,0.008184,0.847089,0.99738,0.73616,0.999194,1.0,0.99839,0.865367,0.813987,107476,53177,False,1,1550,2
2026-09-07T14:18:28,hunyuan_persp_v4_elev10,obj01_dr500.stl,obj01.glb,0.01701,0.674326,0.68014,0.66861,0.976908,0.9678,0.98619,0.903982,0.840174,2663036,1329842,False,8,4918,1
2026-09-07T14:18:41,hunyuan_persp_v4_elev10,obj02_motor_smk.stl,obj02.glb,0.032051,0.464149,0.4857,0.44443,0.730449,0.75866,0.70426,0.635627,0.792455,875312,435234,False,19,6990,4
2026-09-07T14:18:53,hunyuan_persp_v4_elev10,obj03_agl5h18.stl,obj03.glb,0.063892,0.236221,0.27377,0.20773,0.444055,0.49459,0.40289,0.535765,0.431777,642754,320226,False,3,3348,2
2026-09-07T14:19:07,hunyuan_persp_v4_elev10,obj04_indexer_110da.stl,obj04.glb,0.026182,0.498418,0.51251,0.48508,0.871235,0.91127,0.83457,0.742978,0.813379,1233610,614337,False,10,7210,5
2026-09-07T14:19:17,hunyuan_persp_v4_elev10,obj05_softbrake_7347.stl,obj05.glb,0.030486,0.494059,0.79057,0.3593,0.732093,0.94296,0.5983,0.757388,0.841963,1453998,723741,False,90,9229,11
2026-09-07T14:19:32,hunyuan_persp_v4_elev10,obj06_swivel_dsh.stl,obj06.glb,0.028629,0.597793,0.76964,0.48868,0.722913,0.87453,0.6161,0.723042,0.885108,2206398,1099766,False,17,9997,8
2026-09-07T14:19:49,hunyuan_persp_v4_elev10,obj07_pmpf_pump.stl,obj07.glb,0.016442,0.797772,0.79923,0.79632,0.944536,0.94257,0.94651,0.905258,0.9011,1187838,592289,False,4,4830,4
2026-09-07T14:20:03,hunyuan_persp_v4_elev10,obj08_air_bearing.stl,obj08.glb,0.0387,0.464025,0.60782,0.37525,0.73267,0.94811,0.59701,0.766185,0.865803,1744782,870990,False,5,4213,14
2026-09-07T14:20:15,hunyuan_persp_v4_elev10,obj09_flangebearing_ssucf.stl,obj09.glb,0.020644,0.635324,0.66002,0.61241,0.875731,0.89305,0.85907,0.7662,0.787198,1615448,805425,False,75,6473,1
2026-09-07T14:20:26,hunyuan_persp_v4_elev10,obj10_pillowblock_ucpx1.stl,obj10.glb,0.020763,0.669603,0.82041,0.56563,0.832129,0.9785,0.72385,0.789671,0.83149,701404,348079,False,34,6928,1
2026-09-07T14:20:39,hunyuan_persp_v4_elev10,obj11_gearbox_ec05.stl,obj11.glb,0.039768,0.366404,0.46975,0.30033,0.608606,0.66866,0.55845,0.590507,0.246204,986444,490586,False,27,7701,6
2026-09-07T14:21:00,hunyuan_persp_v4_elev10,obj12_actuator_ra120sr.stl,obj12.glb,0.051011,0.270624,0.61882,0.17318,0.474309,0.93326,0.31795,0.649368,0.856846,930074,462323,False,63,7432,7
2026-09-07T14:21:17,hunyuan_persp_v4_elev10,obj13_gripper_sgm.stl,obj13.glb,0.032581,0.430332,0.64933,0.3218,0.718135,0.95029,0.57714,0.646432,0.846171,1603190,798370,False,24,9506,2
2026-09-07T14:21:30,hunyuan_persp_v4_elev10,obj14_gripper_sngv.stl,obj14.glb,0.088047,0.258299,0.27171,0.24615,0.445721,0.45725,0.43476,0.531199,0.308739,470090,232776,False,13,6233,1
2026-09-07T14:21:46,hunyuan_persp_v4_elev10,obj15_gripper_swgm.stl,obj15.glb,0.085964,0.22998,0.2276,0.23241,0.409547,0.38815,0.43344,0.520863,0.23572,1747894,863233,False,34,28723,6
2026-09-07T14:21:56,hunyuan_persp_v4_elev10,obj16_gripper_gsfga.stl,obj16.glb,0.021855,0.627845,0.96317,0.46571,0.856033,0.99071,0.75359,0.861829,0.776444,402662,200849,False,1,1438,1
2026-09-07T14:22:04,hunyuan_persp_v4_elev10,obj17_adapterplate_nl12.stl,obj17.glb,0.007452,0.938532,0.93693,0.94014,0.997495,0.99741,0.99758,0.896037,0.935578,1415128,705806,False,16,4841,3
2026-09-07T14:22:15,hunyuan_persp_v4_elev10,obj18_flangeplate_e43006.stl,obj18.glb,0.007335,0.918091,0.91398,0.92224,0.991045,0.98661,0.99552,0.942214,0.906446,968298,483490,False,1,1827,1
2026-09-07T14:22:39,hunyuan_persp_v4_elev10,obj19_hingedbushing_cl5040.stl,obj19.glb,0.061526,0.28299,0.30721,0.26231,0.47794,0.50488,0.45373,0.633452,0.473994,688768,341048,False,0,9675,5
2026-09-07T14:22:51,hunyuan_persp_v4_elev10,obj20_enclosure_rspro.stl,obj20.glb,0.010793,0.909468,0.91945,0.8997,0.975529,0.9579,0.99382,0.909218,0.686038,1015838,506573,False,1,3992,4
2026-09-07T14:23:05,hunyuan_persp_v4_elev10,obj21_enclosure_camdenboss.stl,obj21.glb,0.010336,0.921296,0.88526,0.96039,0.97921,0.96967,0.98894,0.822368,0.483055,1035224,515134,False,9,7201,1
2026-09-07T14:23:14,hunyuan_persp_v4_elev10,obj22_junctionbox_23nct1.stl,obj22.glb,0.020483,0.674543,0.74356,0.61725,0.857788,0.91382,0.80823,0.57674,0.709139,608550,301699,False,16,7541,2
2026-09-07T14:23:22,hunyuan_persp_v4_elev10,obj23_gasspring_kgl28.stl,obj23.glb,0.00477,0.939416,0.94866,0.93035,0.995207,0.99807,0.99236,0.911518,0.880184,92666,46124,False,0,625,1
2026-09-07T14:23:33,hunyuan_persp_v4_elev10,obj24_manifold_hm031p024s.stl,obj24.glb,0.026391,0.770527,0.87711,0.68704,0.821198,0.93194,0.73398,0.820679,0.908694,1130810,565081,False,0,966,1
2026-09-07T14:23:42,hunyuan_persp_v4_elev10,obj25_valveblock_ad03pb042s.stl,obj25.glb,0.026569,0.560114,0.62321,0.50862,0.739677,0.81526,0.67692,0.740117,0.776926,678694,337004,False,21,6877,4
2026-09-07T14:23:52,hunyuan_persp_v4_elev10,obj26_flywheel_gdfl.stl,obj26.glb,0.008541,0.924697,0.96612,0.88668,0.972221,0.98911,0.9559,0.817224,0.863071,1026334,511276,False,15,5387,1
2026-09-07T14:23:58,hunyuan_persp_v4_elev10,obj27_vbeltpulley_spb17b.stl,obj27.glb,0.008233,0.981058,0.97757,0.98457,0.998859,0.99969,0.99803,0.812265,0.820414,793616,395838,False,0,2859,1
2026-09-07T14:24:07,hunyuan_persp_v4_elev10,obj28_conveyorroller_600.stl,obj28.glb,0.005481,0.99947,1.0,0.99894,1.0,1.0,1.0,0.979263,0.931286,207776,103818,False,0,217,1
2026-09-07T14:24:25,hunyuan_persp_v4_elev10,obj29_telescopicslide_ahh150.stl,obj29.glb,0.009569,0.827653,1.0,0.70598,0.999995,1.0,0.99999,0.865494,0.776238,204342,101606,False,5,1693,1
2026-09-07T14:24:32,hunyuan_persp_v4_elev10,obj30_turnbuckle_vrh10.stl,obj30.glb,0.008651,0.852776,0.99744,0.74476,0.999104,1.0,0.99821,0.857767,0.786379,107612,53542,False,0,772,1
2026-09-07T14:24:47,hunyuan_persp_v4_elev30,obj01_dr500.stl,obj01.glb,0.025126,0.529327,0.57099,0.49333,0.883679,0.93352,0.83889,0.842901,0.755475,2274440,1135669,False,3,4543,3
2026-09-07T14:25:00,hunyuan_persp_v4_elev30,obj02_motor_smk.stl,obj02.glb,0.034967,0.440701,0.46259,0.42079,0.678277,0.70902,0.65009,0.641131,0.780404,876924,435383,False,25,8780,3
2026-09-07T14:25:12,hunyuan_persp_v4_elev30,obj03_agl5h18.stl,obj03.glb,0.06326,0.240679,0.27602,0.21336,0.453617,0.50658,0.41068,0.533162,0.441891,622382,310097,False,3,3210,1
2026-09-07T14:25:26,hunyuan_persp_v4_elev30,obj04_indexer_110da.stl,obj04.glb,0.016665,0.716863,0.69857,0.73614,0.944354,0.92981,0.95936,0.797275,0.858786,1512536,750833,False,35,15732,14
2026-09-07T14:25:37,hunyuan_persp_v4_elev30,obj05_softbrake_7347.stl,obj05.glb,0.032354,0.433689,0.62699,0.33149,0.695486,0.83671,0.59505,0.667374,0.738708,1545670,770362,False,71,7039,2
2026-09-07T14:25:54,hunyuan_persp_v4_elev30,obj06_swivel_dsh.stl,obj06.glb,0.035939,0.405343,0.48539,0.34796,0.676378,0.77862,0.59787,0.659896,0.784113,2422524,1205846,False,36,15819,8
2026-09-07T14:26:11,hunyuan_persp_v4_elev30,obj07_pmpf_pump.stl,obj07.glb,0.018615,0.729743,0.71972,0.74005,0.930893,0.92306,0.93886,0.874793,0.875785,1183900,589626,False,10,6892,4
2026-09-07T14:26:24,hunyuan_persp_v4_elev30,obj08_air_bearing.stl,obj08.glb,0.046281,0.276924,0.41644,0.20743,0.583963,0.86034,0.44198,0.745657,0.82614,1978342,985565,False,30,10585,27
2026-09-07T14:26:37,hunyuan_persp_v4_elev30,obj09_flangebearing_ssucf.stl,obj09.glb,0.0192,0.650446,0.66586,0.63573,0.918088,0.92858,0.90783,0.799379,0.812413,1579772,788663,False,22,3546,1
2026-09-07T14:26:47,hunyuan_persp_v4_elev30,obj10_pillowblock_ucpx1.stl,obj10.glb,0.015616,0.781778,0.88786,0.69834,0.901735,0.97847,0.83616,0.821392,0.87517,768302,383152,False,14,2858,1
2026-09-07T14:27:01,hunyuan_persp_v4_elev30,obj11_gearbox_ec05.stl,obj11.glb,0.035765,0.409686,0.53525,0.33184,0.661538,0.74466,0.59511,0.593783,0.256295,922714,458582,False,19,8006,2
2026-09-07T14:27:21,hunyuan_persp_v4_elev30,obj12_actuator_ra120sr.stl,obj12.glb,0.049164,0.325806,0.79949,0.20459,0.506301,0.98875,0.34027,0.71131,0.90667,902062,449560,False,4,4349,3
2026-09-07T14:27:39,hunyuan_persp_v4_elev30,obj13_gripper_sgm.stl,obj13.glb,0.029812,0.493984,0.73508,0.37198,0.726256,0.94868,0.58832,0.691832,0.875229,1751592,872062,False,40,10960,3
2026-09-07T14:27:49,hunyuan_persp_v4_elev30,obj14_gripper_sngv.stl,obj14.glb,0.014173,0.779544,0.8453,0.72328,0.971294,0.99194,0.95149,0.700124,0.768743,439246,216815,False,21,7505,1
2026-09-07T14:28:06,hunyuan_persp_v4_elev30,obj15_gripper_swgm.stl,obj15.glb,0.084734,0.236101,0.23213,0.24021,0.416492,0.39613,0.43906,0.524049,0.227754,1778116,881064,False,54,22536,2
2026-09-07T14:28:16,hunyuan_persp_v4_elev30,obj16_gripper_gsfga.stl,obj16.glb,0.023021,0.602472,0.86355,0.46261,0.788034,0.97893,0.65944,0.812092,0.741337,494214,246240,False,3,2585,4
2026-09-07T14:28:25,hunyuan_persp_v4_elev30,obj17_adapterplate_nl12.stl,obj17.glb,0.008102,0.916925,0.90845,0.92556,0.992001,0.98771,0.99633,0.887967,0.923554,1480106,738209,False,8,5187,5
2026-09-07T14:28:36,hunyuan_persp_v4_elev30,obj18_flangeplate_e43006.stl,obj18.glb,0.007991,0.885012,0.88051,0.88956,0.980644,0.97813,0.98317,0.922309,0.882238,993220,492736,False,51,10834,1
2026-09-07T14:29:01,hunyuan_persp_v4_elev30,obj19_hingedbushing_cl5040.stl,obj19.glb,0.057856,0.271433,0.29455,0.25168,0.49339,0.51538,0.4732,0.631348,0.47912,782912,388198,False,4,9521,1
2026-09-07T14:29:13,hunyuan_persp_v4_elev30,obj20_enclosure_rspro.stl,obj20.glb,0.009085,0.936575,0.93704,0.93611,0.987663,0.99451,0.98091,0.936019,0.696513,1009236,503714,False,1,2657,1
2026-09-07T14:29:25,hunyuan_persp_v4_elev30,obj21_enclosure_camdenboss.stl,obj21.glb,0.010142,0.902412,0.88516,0.92035,0.979179,0.96436,0.99446,0.809993,0.440991,1126696,559702,False,19,10494,1
2026-09-07T14:29:34,hunyuan_persp_v4_elev30,obj22_junctionbox_23nct1.stl,obj22.glb,0.014318,0.80255,0.90748,0.71937,0.925329,0.97444,0.88093,0.698227,0.92901,644794,312790,False,104,27789,4
2026-09-07T14:29:43,hunyuan_persp_v4_elev30,obj23_gasspring_kgl28.stl,obj23.glb,0.005321,0.952789,0.96138,0.94435,0.998694,0.99948,0.99791,0.921179,0.870097,96638,47766,False,0,1641,1
2026-09-07T14:29:56,hunyuan_persp_v4_elev30,obj24_manifold_hm031p024s.stl,obj24.glb,0.026161,0.693935,0.69425,0.69362,0.800006,0.80397,0.79608,0.784892,0.848951,1691860,842259,False,47,10657,9
2026-09-07T14:30:05,hunyuan_persp_v4_elev30,obj25_valveblock_ad03pb042s.stl,obj25.glb,0.01999,0.574943,0.62039,0.5357,0.887734,0.92926,0.84976,0.774661,0.842104,714882,355535,False,43,5326,2
2026-09-07T14:30:15,hunyuan_persp_v4_elev30,obj26_flywheel_gdfl.stl,obj26.glb,0.007881,0.935575,0.95046,0.92115,0.98731,0.98687,0.98775,0.809629,0.820696,1083548,537333,False,66,12167,1
2026-09-07T14:30:21,hunyuan_persp_v4_elev30,obj27_vbeltpulley_spb17b.stl,obj27.glb,0.008908,0.899463,0.89266,0.90637,0.999274,1.0,0.99855,0.853264,0.779608,852968,425524,False,3,2826,1
2026-09-07T14:30:30,hunyuan_persp_v4_elev30,obj28_conveyorroller_600.stl,obj28.glb,0.005757,0.99938,1.0,0.99876,1.0,1.0,1.0,0.981037,0.926985,208594,104254,False,0,136,1
2026-09-07T14:30:49,hunyuan_persp_v4_elev30,obj29_telescopicslide_ahh150.stl,obj29.glb,0.011497,0.828244,1.0,0.70684,0.96613,1.0,0.93448,0.865413,0.836761,233666,115975,False,1,2543,1
2026-09-07T14:30:56,hunyuan_persp_v4_elev30,obj30_turnbuckle_vrh10.stl,obj30.glb,0.008971,0.845567,0.97237,0.74802,0.998944,1.0,0.99789,0.843598,0.738089,106612,52872,False,1,1286,1
2026-09-07T14:31:12,hunyuan_persp_v4_elev40,obj01_dr500.stl,obj01.glb,0.030669,0.528175,0.56829,0.49335,0.801688,0.86182,0.7494,0.761338,0.711546,2207238,1101961,False,12,4829,1
2026-09-07T14:31:24,hunyuan_persp_v4_elev40,obj02_motor_smk.stl,obj02.glb,0.037647,0.3767,0.40264,0.3539,0.635146,0.66931,0.6043,0.617641,0.756894,851658,423817,False,9,5898,8
2026-09-07T14:31:36,hunyuan_persp_v4_elev40,obj03_agl5h18.stl,obj03.glb,0.062904,0.245073,0.2892,0.21263,0.460989,0.5219,0.41281,0.531732,0.448077,608752,302770,False,8,4616,1
2026-09-07T14:31:50,hunyuan_persp_v4_elev40,obj04_indexer_110da.stl,obj04.glb,0.016646,0.751495,0.75485,0.74817,0.937606,0.93576,0.93946,0.795895,0.869588,1371160,682925,False,6,7802,6
2026-09-07T14:32:00,hunyuan_persp_v4_elev40,obj05_softbrake_7347.stl,obj05.glb,0.023099,0.58151,0.84904,0.44218,0.819778,0.97014,0.70977,0.796963,0.884239,1581936,787487,False,53,9881,7
2026-09-07T14:32:17,hunyuan_persp_v4_elev40,obj06_swivel_dsh.stl,obj06.glb,0.037632,0.412302,0.50204,0.34978,0.651387,0.76514,0.56708,0.673172,0.780379,2261884,1126917,False,21,11654,9
2026-09-07T14:32:35,hunyuan_persp_v4_elev40,obj07_pmpf_pump.stl,obj07.glb,0.022009,0.647234,0.61629,0.68145,0.883612,0.87718,0.89014,0.853616,0.853494,1125668,560673,False,16,6298,7
2026-09-07T14:32:49,hunyuan_persp_v4_elev40,obj08_air_bearing.stl,obj08.glb,0.044067,0.270981,0.38752,0.20833,0.713609,0.92309,0.58162,0.745401,0.837357,2070150,1032928,False,27,6295,8
2026-09-07T14:33:01,hunyuan_persp_v4_elev40,obj09_flangebearing_ssucf.stl,obj09.glb,0.021515,0.571617,0.58204,0.56156,0.851544,0.8473,0.85583,0.748612,0.765644,1558000,776040,False,112,8123,3
2026-09-07T14:33:11,hunyuan_persp_v4_elev40,obj10_pillowblock_ucpx1.stl,obj10.glb,0.019063,0.73851,0.85439,0.65031,0.873275,0.96549,0.79714,0.80378,0.835883,755566,376160,False,28,4520,1
2026-09-07T14:33:25,hunyuan_persp_v4_elev40,obj11_gearbox_ec05.stl,obj11.glb,0.042232,0.346453,0.47035,0.27422,0.574516,0.68401,0.49524,0.594363,0.196332,856884,425142,False,51,9448,8
2026-09-07T14:33:45,hunyuan_persp_v4_elev40,obj12_actuator_ra120sr.stl,obj12.glb,0.049006,0.317439,0.71483,0.20402,0.505708,0.92341,0.3482,0.681664,0.852734,945034,470229,False,9,6693,4
2026-09-07T14:34:03,hunyuan_persp_v4_elev40,obj13_gripper_sgm.stl,obj13.glb,0.032311,0.462922,0.65034,0.35936,0.667327,0.80267,0.57104,0.625452,0.778911,1894564,943078,False,21,12460,9
2026-09-07T14:34:15,hunyuan_persp_v4_elev40,obj14_gripper_sngv.stl,obj14.glb,0.016026,0.706824,0.75434,0.66494,0.959586,0.98781,0.93293,0.669013,0.689369,422534,207640,False,33,9671,1
2026-09-07T14:34:32,hunyuan_persp_v4_elev40,obj15_gripper_swgm.stl,obj15.glb,0.082903,0.243847,0.23789,0.25011,0.43312,0.41013,0.45884,0.531472,0.226518,1828612,904684,False,90,26631,5
2026-09-07T14:34:42,hunyuan_persp_v4_elev40,obj16_gripper_gsfga.stl,obj16.glb,0.025092,0.568159,0.77634,0.44802,0.776349,0.96148,0.651,0.76408,0.678438,527488,262141,False,8,4399,1
2026-09-07T14:34:51,hunyuan_persp_v4_elev40,obj17_adapterplate_nl12.stl,obj17.glb,0.010579,0.842314,0.84301,0.84162,0.983045,0.98319,0.9829,0.843692,0.880626,1376008,686282,False,10,4556,3
2026-09-07T14:35:02,hunyuan_persp_v4_elev40,obj18_flangeplate_e43006.stl,obj18.glb,0.007374,0.909464,0.89505,0.92435,0.98087,0.97057,0.99139,0.928379,0.90445,1006096,502638,False,6,1150,1
2026-09-07T14:35:25,hunyuan_persp_v4_elev40,obj19_hingedbushing_cl5040.stl,obj19.glb,0.063869,0.264237,0.29093,0.24203,0.46279,0.49423,0.43511,0.620627,0.455011,683650,338780,False,4,8627,1
2026-09-07T14:35:37,hunyuan_persp_v4_elev40,obj20_enclosure_rspro.stl,obj20.glb,0.015733,0.750026,0.71987,0.78282,0.965081,0.9594,0.97083,0.864142,0.347265,1040046,519568,False,1,1326,1
2026-09-07T14:35:51,hunyuan_persp_v4_elev40,obj21_enclosure_camdenboss.stl,obj21.glb,0.014321,0.811423,0.76134,0.86856,0.930902,0.89047,0.97518,0.760426,0.364907,1280108,635083,False,40,14445,1
2026-09-07T14:36:00,hunyuan_persp_v4_elev40,obj22_junctionbox_23nct1.stl,obj22.glb,0.014946,0.799093,0.85979,0.7464,0.951148,0.98965,0.91553,0.654072,0.897724,701852,337962,False,257,36945,16
2026-09-07T14:36:09,hunyuan_persp_v4_elev40,obj23_gasspring_kgl28.stl,obj23.glb,0.007742,0.908429,0.92755,0.89008,0.984022,0.9856,0.98245,0.919621,0.826947,96534,47790,False,13,1251,1
2026-09-07T14:36:23,hunyuan_persp_v4_elev40,obj24_manifold_hm031p024s.stl,obj24.glb,0.027826,0.71117,0.71801,0.70446,0.795143,0.80834,0.78237,0.775917,0.823432,1667566,830428,False,49,9630,2
2026-09-07T14:36:31,hunyuan_persp_v4_elev40,obj25_valveblock_ad03pb042s.stl,obj25.glb,0.019863,0.589721,0.65098,0.539,0.884329,0.94167,0.83357,0.7881,0.851357,687704,341646,False,16,6505,4
2026-09-07T14:36:41,hunyuan_persp_v4_elev40,obj26_flywheel_gdfl.stl,obj26.glb,0.007958,0.931647,0.94128,0.92221,0.987045,0.98652,0.98757,0.8084,0.823825,1117844,554095,False,86,13279,2
2026-09-07T14:36:48,hunyuan_persp_v4_elev40,obj27_vbeltpulley_spb17b.stl,obj27.glb,0.01012,0.872842,0.86144,0.88455,0.997522,0.99927,0.99578,0.831455,0.744062,876092,437249,False,6,2342,1
2026-09-07T14:36:58,hunyuan_persp_v4_elev40,obj28_conveyorroller_600.stl,obj28.glb,0.004737,0.99945,1.0,0.9989,1.0,1.0,1.0,0.98063,0.944685,206676,103105,False,5,682,1
2026-09-07T14:37:15,hunyuan_persp_v4_elev40,obj29_telescopicslide_ahh150.stl,obj29.glb,0.011531,0.856074,0.99414,0.75168,0.984545,1.0,0.96956,0.871743,0.803743,269932,133220,False,1,5055,1
2026-09-07T14:37:22,hunyuan_persp_v4_elev40,obj30_turnbuckle_vrh10.stl,obj30.glb,0.00972,0.854035,0.93804,0.78384,0.99561,0.99499,0.99623,0.820082,0.713013,108310,53810,False,2,948,1
2026-09-07T14:37:39,hunyuan_diagonal_v1_elev0,obj01_dr500.stl,obj01.glb,0.077635,0.221603,0.27573,0.18524,0.400075,0.49986,0.3335,0.59832,0.263735,2110120,1052594,False,7,7329,12
2026-09-07T14:37:53,hunyuan_diagonal_v1_elev0,obj02_motor_smk.stl,obj02.glb,0.033463,0.391589,0.39227,0.39091,0.686035,0.69226,0.67992,0.657332,0.725448,1061060,527790,False,18,7854,7
2026-09-07T14:38:07,hunyuan_diagonal_v1_elev0,obj03_agl5h18.stl,obj03.glb,0.060375,0.273897,0.30016,0.25186,0.472087,0.5038,0.44413,0.52236,0.487732,895256,444198,False,15,10052,7
2026-09-07T14:38:23,hunyuan_diagonal_v1_elev0,obj04_indexer_110da.stl,obj04.glb,0.042125,0.302611,0.31259,0.29325,0.563721,0.5934,0.53687,0.664603,0.664495,1453144,723095,False,25,10187,5
2026-09-07T14:38:34,hunyuan_diagonal_v1_elev0,obj05_softbrake_7347.stl,obj05.glb,0.048018,0.361146,0.54613,0.26977,0.571534,0.69741,0.48415,0.647415,0.684317,1425616,710530,False,58,6507,10
2026-09-07T14:38:51,hunyuan_diagonal_v1_elev0,obj06_swivel_dsh.stl,obj06.glb,0.059598,0.224763,0.32714,0.17119,0.441137,0.63468,0.33805,0.582605,0.51157,1992922,991559,False,21,14334,10
2026-09-07T14:39:12,hunyuan_diagonal_v1_elev0,obj07_pmpf_pump.stl,obj07.glb,0.043536,0.175412,0.18583,0.1661,0.549778,0.56793,0.53275,0.782268,0.698538,1466702,729949,False,17,9871,3
2026-09-07T14:39:28,hunyuan_diagonal_v1_elev0,obj08_air_bearing.stl,obj08.glb,0.075491,0.15866,0.20033,0.13134,0.326586,0.40144,0.27526,0.589229,0.612853,2733150,1359365,False,64,20927,44
2026-09-07T14:39:44,hunyuan_diagonal_v1_elev0,obj09_flangebearing_ssucf.stl,obj09.glb,0.029541,0.4073,0.38773,0.42895,0.767942,0.75385,0.78257,0.669089,0.628373,2458170,1224679,False,18,13052,4
2026-09-07T14:39:55,hunyuan_diagonal_v1_elev0,obj10_pillowblock_ucpx1.stl,obj10.glb,0.060461,0.323023,0.37753,0.28227,0.571081,0.63292,0.52025,0.572028,0.291226,1205826,599471,False,12,10110,4
2026-09-07T14:40:10,hunyuan_diagonal_v1_elev0,obj11_gearbox_ec05.stl,obj11.glb,0.040815,0.355088,0.46757,0.28623,0.602784,0.69701,0.531,0.574898,0.245057,1375220,684150,False,18,10152,13
2026-09-07T14:40:31,hunyuan_diagonal_v1_elev0,obj12_actuator_ra120sr.stl,obj12.glb,0.04819,0.311088,0.65126,0.20435,0.502885,0.90224,0.34859,0.651494,0.802567,1044688,519258,False,22,9010,6
2026-09-07T14:40:49,hunyuan_diagonal_v1_elev0,obj13_gripper_sgm.stl,obj13.glb,0.045153,0.301361,0.57706,0.20393,0.542127,0.86025,0.39577,0.555356,0.571011,1377420,680998,False,159,22051,20
2026-09-07T14:41:04,hunyuan_diagonal_v1_elev0,obj14_gripper_sngv.stl,obj14.glb,0.084933,0.293884,0.28197,0.30685,0.485851,0.45926,0.51571,0.511493,0.304689,740098,365349,False,86,13159,2
2026-09-07T14:41:19,hunyuan_diagonal_v1_elev0,obj15_gripper_swgm.stl,obj15.glb,0.077164,0.273283,0.28411,0.26325,0.4597,0.49174,0.43158,0.514695,0.184467,1677874,824739,False,139,40303,57
2026-09-07T14:41:28,hunyuan_diagonal_v1_elev0,obj16_gripper_gsfga.stl,obj16.glb,0.026207,0.504858,0.78816,0.37137,0.77376,0.94671,0.65424,0.774018,0.538327,398424,198680,False,1,1573,1
2026-09-07T14:41:41,hunyuan_diagonal_v1_elev0,obj17_adapterplate_nl12.stl,obj17.glb,0.045113,0.2793,0.25234,0.31271,0.501979,0.46374,0.54709,0.511449,0.420994,2738594,1360902,False,74,24260,11
2026-09-07T14:41:53,hunyuan_diagonal_v1_elev0,obj18_flangeplate_e43006.stl,obj18.glb,0.013534,0.896546,0.89468,0.89842,0.983149,0.98868,0.97768,0.852461,0.737969,1306708,650612,False,2,8109,1
2026-09-07T14:42:14,hunyuan_diagonal_v1_elev0,obj19_hingedbushing_cl5040.stl,obj19.glb,0.06577,0.224751,0.25203,0.2028,0.394943,0.41935,0.37322,0.549502,0.415631,753164,372803,False,23,11142,3
2026-09-07T14:42:33,hunyuan_diagonal_v1_elev0,obj20_enclosure_rspro.stl,obj20.glb,0.067601,0.222167,0.2114,0.23409,0.417613,0.39038,0.44893,0.521298,0.08166,1419030,707250,False,17,6590,4
2026-09-07T14:42:53,hunyuan_diagonal_v1_elev0,obj21_enclosure_camdenboss.stl,obj21.glb,0.050486,0.256825,0.23185,0.28783,0.447023,0.41856,0.47964,0.509367,0.088441,1511174,745184,False,123,29369,3
2026-09-07T14:43:02,hunyuan_diagonal_v1_elev0,obj22_junctionbox_23nct1.stl,obj22.glb,0.055591,0.474945,0.45359,0.49841,0.640319,0.55468,0.75723,0.524609,0.486447,917958,456898,False,3,6082,3
2026-09-07T14:43:11,hunyuan_diagonal_v1_elev0,obj23_gasspring_kgl28.stl,obj23.glb,0.004907,0.950884,0.94859,0.95319,0.993919,0.99307,0.99477,0.912366,0.880738,95948,47882,False,0,272,1
2026-09-07T14:43:23,hunyuan_diagonal_v1_elev0,obj24_manifold_hm031p024s.stl,obj24.glb,0.074193,0.102304,0.1044,0.10029,0.196643,0.19897,0.19437,0.642226,0.595107,1791578,894734,False,2,3116,2
2026-09-07T14:43:34,hunyuan_diagonal_v1_elev0,obj25_valveblock_ad03pb042s.stl,obj25.glb,0.118515,0.112419,0.10606,0.11959,0.239794,0.22593,0.25547,0.540011,0.343633,1625546,810233,False,18,7634,33
2026-09-07T14:43:46,hunyuan_diagonal_v1_elev0,obj26_flywheel_gdfl.stl,obj26.glb,0.020778,0.628377,0.60196,0.65722,0.881728,0.89509,0.86876,0.727818,0.520649,1398226,693471,False,35,16289,1
2026-09-07T14:43:54,hunyuan_diagonal_v1_elev0,obj27_vbeltpulley_spb17b.stl,obj27.glb,0.01848,0.642866,0.6405,0.64525,0.90343,0.93277,0.87588,0.660417,0.443115,1124322,557006,False,3,15343,1
2026-09-07T14:44:06,hunyuan_diagonal_v1_elev0,obj28_conveyorroller_600.stl,obj28.glb,0.01981,0.762674,0.79991,0.72875,0.92926,0.96648,0.8948,0.954565,0.704354,364546,182078,False,0,588,1
2026-09-07T14:44:26,hunyuan_diagonal_v1_elev0,obj29_telescopicslide_ahh150.stl,obj29.glb,0.049123,0.271356,0.25634,0.28824,0.408384,0.34576,0.49871,0.547697,0.330456,207004,103504,True,0,0,1
2026-09-07T14:44:33,hunyuan_diagonal_v1_elev0,obj30_turnbuckle_vrh10.stl,obj30.glb,0.008214,0.904902,0.96527,0.85164,0.99941,1.0,0.99882,0.81331,0.754334,106304,52696,False,0,1335,1
2026-09-07T14:44:50,hunyuan_diagonal_v1_elev10,obj01_dr500.stl,obj01.glb,0.078519,0.215926,0.27349,0.17838,0.400311,0.50756,0.33048,0.589275,0.260671,2049194,1021760,False,5,8420,15
2026-09-07T14:45:03,hunyuan_diagonal_v1_elev10,obj02_motor_smk.stl,obj02.glb,0.028981,0.443777,0.46952,0.42071,0.776882,0.81435,0.74271,0.682966,0.784332,933340,463452,False,49,9212,11
2026-09-07T14:45:16,hunyuan_diagonal_v1_elev10,obj03_agl5h18.stl,obj03.glb,0.043143,0.367829,0.41225,0.33205,0.609016,0.66772,0.5598,0.587114,0.56666,775184,384733,False,20,8197,4
2026-09-07T14:45:31,hunyuan_diagonal_v1_elev10,obj04_indexer_110da.stl,obj04.glb,0.040677,0.348601,0.37399,0.32644,0.615711,0.66475,0.57341,0.665386,0.681651,1440790,717075,False,33,9648,5
2026-09-07T14:45:42,hunyuan_diagonal_v1_elev10,obj05_softbrake_7347.stl,obj05.glb,0.032655,0.446611,0.66951,0.33506,0.707459,0.85553,0.60308,0.630185,0.688961,1573486,781555,False,99,14297,7
2026-09-07T14:46:00,hunyuan_diagonal_v1_elev10,obj06_swivel_dsh.stl,obj06.glb,0.057364,0.210568,0.29754,0.16294,0.442174,0.6134,0.34568,0.576559,0.513331,1971380,981496,False,28,12232,5
2026-09-07T14:46:22,hunyuan_diagonal_v1_elev10,obj07_pmpf_pump.stl,obj07.glb,0.054833,0.099448,0.11535,0.0874,0.261543,0.28114,0.2445,0.771854,0.629332,1414194,704021,False,17,8874,1
2026-09-07T14:46:37,hunyuan_diagonal_v1_elev10,obj08_air_bearing.stl,obj08.glb,0.069222,0.198641,0.2794,0.1541,0.379664,0.51753,0.2998,0.591734,0.475497,2488036,1237038,False,69,20436,37
2026-09-07T14:46:52,hunyuan_diagonal_v1_elev10,obj09_flangebearing_ssucf.stl,obj09.glb,0.02464,0.516207,0.51743,0.51499,0.832096,0.8348,0.82941,0.710445,0.694105,2335720,1162980,False,22,14376,4
2026-09-07T14:47:04,hunyuan_diagonal_v1_elev10,obj10_pillowblock_ucpx1.stl,obj10.glb,0.061692,0.320513,0.38878,0.27264,0.551999,0.63128,0.49041,0.550819,0.288181,1046098,518673,False,44,12402,2
2026-09-07T14:47:18,hunyuan_diagonal_v1_elev10,obj11_gearbox_ec05.stl,obj11.glb,0.035124,0.413441,0.5761,0.32241,0.664533,0.78835,0.57433,0.605285,0.219557,1317976,656049,False,33,8680,4
2026-09-07T14:47:39,hunyuan_diagonal_v1_elev10,obj12_actuator_ra120sr.stl,obj12.glb,0.052808,0.259183,0.58082,0.16681,0.451211,0.88223,0.30312,0.660438,0.803007,1016826,505418,False,5,8688,3
2026-09-07T14:47:57,hunyuan_diagonal_v1_elev10,obj13_gripper_sgm.stl,obj13.glb,0.065649,0.241725,0.56477,0.15377,0.423737,0.82542,0.28503,0.545066,0.403908,1152808,571106,False,61,15156,3
2026-09-07T14:48:11,hunyuan_diagonal_v1_elev10,obj14_gripper_sngv.stl,obj14.glb,0.0893,0.266711,0.26562,0.26781,0.457864,0.44709,0.46917,0.523231,0.261777,711158,351528,False,37,11516,1
2026-09-07T14:48:26,hunyuan_diagonal_v1_elev10,obj15_gripper_swgm.stl,obj15.glb,0.078479,0.267378,0.30521,0.23789,0.466105,0.51946,0.42269,0.51045,0.214417,1244070,615868,False,44,17234,10
2026-09-07T14:48:34,hunyuan_diagonal_v1_elev10,obj16_gripper_gsfga.stl,obj16.glb,0.026478,0.494026,0.74244,0.37017,0.77009,0.94215,0.65117,0.750818,0.498577,426136,212043,False,3,2892,2
2026-09-07T14:48:45,hunyuan_diagonal_v1_elev10,obj17_adapterplate_nl12.stl,obj17.glb,0.034475,0.274678,0.26645,0.28343,0.692423,0.72314,0.66421,0.604283,0.52,2094648,1041468,False,33,16930,3
2026-09-07T14:48:56,hunyuan_diagonal_v1_elev10,obj18_flangeplate_e43006.stl,obj18.glb,0.009824,0.880212,0.8974,0.86367,0.963787,0.98514,0.94334,0.864948,0.849946,1214984,604391,False,4,9112,1
2026-09-07T14:49:18,hunyuan_diagonal_v1_elev10,obj19_hingedbushing_cl5040.stl,obj19.glb,0.065076,0.236901,0.26059,0.21716,0.408298,0.42588,0.39211,0.542136,0.41647,784150,388985,False,4,9119,4
2026-09-07T14:49:34,hunyuan_diagonal_v1_elev10,obj20_enclosure_rspro.stl,obj20.glb,0.029682,0.609571,0.68918,0.54645,0.753788,0.80346,0.7099,0.730248,0.414675,1459452,727583,False,6,6270,1
2026-09-07T14:49:50,hunyuan_diagonal_v1_elev10,obj21_enclosure_camdenboss.stl,obj21.glb,0.023673,0.536912,0.53574,0.53809,0.812643,0.80848,0.81685,0.694074,0.208899,1238238,609316,False,110,28021,1
2026-09-07T14:49:59,hunyuan_diagonal_v1_elev10,obj22_junctionbox_23nct1.stl,obj22.glb,0.030587,0.544598,0.76033,0.42423,0.769257,0.92605,0.65787,0.610175,0.524023,501162,248756,False,29,5110,1
2026-09-07T14:50:08,hunyuan_diagonal_v1_elev10,obj23_gasspring_kgl28.stl,obj23.glb,0.004793,0.952431,0.95045,0.95442,0.991834,0.99107,0.9926,0.910249,0.86795,96334,47755,False,1,1222,1
2026-09-07T14:50:24,hunyuan_diagonal_v1_elev10,obj24_manifold_hm031p024s.stl,obj24.glb,0.053596,0.190126,0.22587,0.16415,0.44954,0.52352,0.39388,0.698872,0.602463,1888320,936919,False,43,21355,42
2026-09-07T14:50:35,hunyuan_diagonal_v1_elev10,obj25_valveblock_ad03pb042s.stl,obj25.glb,0.066086,0.394562,0.51085,0.3214,0.53876,0.69201,0.44108,0.631242,0.475611,881458,438694,False,3,5983,3
2026-09-07T14:50:47,hunyuan_diagonal_v1_elev10,obj26_flywheel_gdfl.stl,obj26.glb,0.014073,0.824182,0.83173,0.81677,0.957494,0.96968,0.94561,0.762123,0.616877,1464694,724480,False,161,21575,2
2026-09-07T14:50:57,hunyuan_diagonal_v1_elev10,obj27_vbeltpulley_spb17b.stl,obj27.glb,0.017003,0.706638,0.71433,0.69911,0.9088,0.93865,0.88079,0.62798,0.446352,1547486,661447,False,5581,239692,1
2026-09-07T14:51:06,hunyuan_diagonal_v1_elev10,obj28_conveyorroller_600.stl,obj28.glb,0.014515,0.869804,0.90701,0.83553,0.936875,0.96682,0.90873,0.961213,0.782966,340144,169848,False,0,674,1
2026-09-07T14:51:25,hunyuan_diagonal_v1_elev10,obj29_telescopicslide_ahh150.stl,obj29.glb,0.008157,0.893475,1.0,0.80746,1.0,1.0,1.0,0.729753,0.763021,305762,149462,False,11,9406,1
2026-09-07T14:51:33,hunyuan_diagonal_v1_elev10,obj30_turnbuckle_vrh10.stl,obj30.glb,0.007864,0.921902,0.97398,0.87511,0.999405,1.0,0.99881,0.811828,0.781627,105948,52478,False,1,1469,1
2026-09-07T14:51:50,hunyuan_diagonal_v1_elev30,obj01_dr500.stl,obj01.glb,0.081451,0.202726,0.26645,0.1636,0.379462,0.49649,0.30708,0.591642,0.235293,1969382,981826,False,4,8480,12
2026-09-07T14:52:02,hunyuan_diagonal_v1_elev30,obj02_motor_smk.stl,obj02.glb,0.030153,0.381841,0.40727,0.3594,0.775707,0.81133,0.74308,0.706816,0.779446,931170,462360,False,18,9450,10
2026-09-07T14:52:16,hunyuan_diagonal_v1_elev30,obj03_agl5h18.stl,obj03.glb,0.045586,0.359101,0.39982,0.32591,0.586676,0.61968,0.55701,0.557029,0.530224,810964,402075,False,9,9945,6
2026-09-07T14:52:31,hunyuan_diagonal_v1_elev30,obj04_indexer_110da.stl,obj04.glb,0.0426,0.280763,0.30846,0.25763,0.553555,0.5927,0.51926,0.660155,0.665278,1381610,687135,False,24,10443,1
2026-09-07T14:52:42,hunyuan_diagonal_v1_elev30,obj05_softbrake_7347.stl,obj05.glb,0.028628,0.4749,0.6654,0.3692,0.757216,0.87025,0.67017,0.654641,0.697172,1382452,687207,False,32,11593,14
2026-09-07T14:53:00,hunyuan_diagonal_v1_elev30,obj06_swivel_dsh.stl,obj06.glb,0.069045,0.19286,0.27211,0.14936,0.360126,0.4937,0.28344,0.577335,0.474719,1879544,935281,False,27,13149,10
2026-09-07T14:53:22,hunyuan_diagonal_v1_elev30,obj07_pmpf_pump.stl,obj07.glb,0.051775,0.127487,0.14138,0.11608,0.357187,0.38987,0.32956,0.770973,0.643193,1327564,661005,False,15,8152,1
2026-09-07T14:53:38,hunyuan_diagonal_v1_elev30,obj08_air_bearing.stl,obj08.glb,0.06486,0.219013,0.31354,0.16828,0.417497,0.58285,0.32523,0.606814,0.501761,2278308,1132404,False,59,19896,42
2026-09-07T14:53:53,hunyuan_diagonal_v1_elev30,obj09_flangebearing_ssucf.stl,obj09.glb,0.027076,0.429981,0.45133,0.41056,0.776996,0.79666,0.75828,0.672797,0.664163,2250770,1121193,False,18,12415,1
2026-09-07T14:54:04,hunyuan_diagonal_v1_elev30,obj10_pillowblock_ucpx1.stl,obj10.glb,0.063984,0.304332,0.37529,0.25594,0.531445,0.61976,0.46516,0.552938,0.278865,1053950,522889,False,32,11923,3
2026-09-07T14:54:19,hunyuan_diagonal_v1_elev30,obj11_gearbox_ec05.stl,obj11.glb,0.033113,0.413693,0.5854,0.31987,0.666012,0.82046,0.5605,0.556985,0.198047,1132870,562086,False,41,12276,11
2026-09-07T14:54:40,hunyuan_diagonal_v1_elev30,obj12_actuator_ra120sr.stl,obj12.glb,0.053004,0.250945,0.55169,0.16241,0.454409,0.85978,0.30881,0.636882,0.774364,1037884,515557,False,38,9879,4
2026-09-07T14:54:58,hunyuan_diagonal_v1_elev30,obj13_gripper_sgm.stl,obj13.glb,0.068668,0.249735,0.50439,0.16595,0.447395,0.80447,0.30986,0.542271,0.407655,1392582,690282,False,62,17261,7
2026-09-07T14:55:11,hunyuan_diagonal_v1_elev30,obj14_gripper_sngv.stl,obj14.glb,0.025771,0.531447,0.56595,0.50091,0.802926,0.8218,0.7849,0.587434,0.534273,765878,378146,False,40,13759,2
2026-09-07T14:55:25,hunyuan_diagonal_v1_elev30,obj15_gripper_swgm.stl,obj15.glb,0.081076,0.25414,0.29002,0.22616,0.451343,0.49579,0.41421,0.516347,0.192878,1285798,636625,False,48,17763,5
2026-09-07T14:55:34,hunyuan_diagonal_v1_elev30,obj16_gripper_gsfga.stl,obj16.glb,0.026879,0.500164,0.7125,0.38533,0.777232,0.92707,0.66909,0.750738,0.513527,506708,252276,False,10,3038,2
2026-09-07T14:55:46,hunyuan_diagonal_v1_elev30,obj17_adapterplate_nl12.stl,obj17.glb,0.027207,0.495716,0.50416,0.48755,0.798032,0.83031,0.76817,0.648043,0.590884,2316316,1151357,False,41,19766,17
2026-09-07T14:55:58,hunyuan_diagonal_v1_elev30,obj18_flangeplate_e43006.stl,obj18.glb,0.011322,0.847768,0.86188,0.83411,0.947644,0.96691,0.92913,0.862278,0.810856,1261822,627861,False,7,8943,1
2026-09-07T14:56:20,hunyuan_diagonal_v1_elev30,obj19_hingedbushing_cl5040.stl,obj19.glb,0.062744,0.272058,0.27818,0.2662,0.46504,0.46655,0.46354,0.586886,0.42694,873574,434608,False,5,6460,6
2026-09-07T14:56:38,hunyuan_diagonal_v1_elev30,obj20_enclosure_rspro.stl,obj20.glb,0.035295,0.423229,0.45506,0.39556,0.726244,0.74633,0.70721,0.755656,0.180132,1195780,595265,False,3,7784,1
2026-09-07T14:56:53,hunyuan_diagonal_v1_elev30,obj21_enclosure_camdenboss.stl,obj21.glb,0.027733,0.46677,0.43707,0.5008,0.730402,0.70719,0.75519,0.694339,0.195639,1468742,723986,False,106,30115,2
2026-09-07T14:57:02,hunyuan_diagonal_v1_elev30,obj22_junctionbox_23nct1.stl,obj22.glb,0.028926,0.57443,0.76187,0.46101,0.803128,0.9422,0.69983,0.602328,0.576325,490880,240318,False,153,13496,4
2026-09-07T14:57:11,hunyuan_diagonal_v1_elev30,obj23_gasspring_kgl28.stl,obj23.glb,0.005052,0.942534,0.94184,0.94323,0.993277,0.99148,0.99508,0.912333,0.863728,95560,47405,False,0,1117,1
2026-09-07T14:57:27,hunyuan_diagonal_v1_elev30,obj24_manifold_hm031p024s.stl,obj24.glb,0.050633,0.270316,0.3157,0.23634,0.530409,0.61824,0.46443,0.682579,0.611995,2166460,1078098,False,30,15063,31
2026-09-07T14:57:38,hunyuan_diagonal_v1_elev30,obj25_valveblock_ad03pb042s.stl,obj25.glb,0.066648,0.315764,0.4296,0.24962,0.528427,0.71063,0.42059,0.629738,0.471506,833994,414756,False,1,6604,2
2026-09-07T14:57:50,hunyuan_diagonal_v1_elev30,obj26_flywheel_gdfl.stl,obj26.glb,0.012954,0.829507,0.85372,0.80663,0.957799,0.96451,0.95118,0.747755,0.634593,1472816,728896,False,156,20581,1
2026-09-07T14:57:59,hunyuan_diagonal_v1_elev30,obj27_vbeltpulley_spb17b.stl,obj27.glb,0.014547,0.780338,0.79678,0.76456,0.949554,0.9446,0.95456,0.590843,0.472684,1681868,729045,False,6781,241400,1
2026-09-07T14:58:11,hunyuan_diagonal_v1_elev30,obj28_conveyorroller_600.stl,obj28.glb,0.020945,0.616631,0.65448,0.58292,0.917088,0.95107,0.88545,0.963081,0.689841,348466,174006,False,1,684,1
2026-09-07T14:58:29,hunyuan_diagonal_v1_elev30,obj29_telescopicslide_ahh150.stl,obj29.glb,0.010852,0.825174,0.87923,0.77738,0.998974,1.0,0.99795,0.763038,0.64725,361004,177710,False,7,8168,1
2026-09-07T14:58:36,hunyuan_diagonal_v1_elev30,obj30_turnbuckle_vrh10.stl,obj30.glb,0.010314,0.841187,0.93868,0.76204,0.999134,1.0,0.99827,0.8082,0.698895,110524,54772,False,1,1446,1
2026-09-07T14:58:53,hunyuan_diagonal_v1_elev40,obj01_dr500.stl,obj01.glb,0.084988,0.19034,0.2651,0.14847,0.362877,0.50295,0.28383,0.580037,0.210596,1863370,929592,False,4,6252,9
2026-09-07T14:59:06,hunyuan_diagonal_v1_elev40,obj02_motor_smk.stl,obj02.glb,0.032661,0.361884,0.38782,0.3392,0.689288,0.73792,0.64667,0.660584,0.751777,996092,494253,False,54,11008,15
2026-09-07T14:59:19,hunyuan_diagonal_v1_elev40,obj03_agl5h18.stl,obj03.glb,0.045472,0.381469,0.41635,0.35198,0.60455,0.6319,0.57947,0.571442,0.554845,781890,388129,False,17,8010,3
2026-09-07T14:59:34,hunyuan_diagonal_v1_elev40,obj04_indexer_110da.stl,obj04.glb,0.0424,0.285595,0.31262,0.26287,0.555279,0.60941,0.50998,0.660108,0.677935,1253986,623360,False,10,10428,7
2026-09-07T14:59:45,hunyuan_diagonal_v1_elev40,obj05_softbrake_7347.stl,obj05.glb,0.03244,0.439778,0.6303,0.3377,0.697377,0.84309,0.59461,0.612468,0.634432,1318904,656512,False,29,8568,15
2026-09-07T15:00:02,hunyuan_diagonal_v1_elev40,obj06_swivel_dsh.stl,obj06.glb,0.071562,0.192102,0.28581,0.14467,0.358903,0.51592,0.27516,0.561138,0.466752,1844644,916784,False,59,15979,20
2026-09-07T15:00:24,hunyuan_diagonal_v1_elev40,obj07_pmpf_pump.stl,obj07.glb,0.048459,0.150136,0.16728,0.13618,0.3214,0.34642,0.29975,0.796669,0.66935,1256332,624853,False,29,9576,5
2026-09-07T15:00:39,hunyuan_diagonal_v1_elev40,obj08_air_bearing.stl,obj08.glb,0.070681,0.21188,0.31494,0.15964,0.395771,0.57436,0.3019,0.603531,0.458278,2131132,1059748,False,51,17054,37
2026-09-07T15:00:53,hunyuan_diagonal_v1_elev40,obj09_flangebearing_ssucf.stl,obj09.glb,0.028533,0.435637,0.45836,0.41506,0.777341,0.81525,0.7428,0.65114,0.655334,1877784,934052,False,16,14271,1
2026-09-07T15:01:04,hunyuan_diagonal_v1_elev40,obj10_pillowblock_ucpx1.stl,obj10.glb,0.066275,0.304721,0.38751,0.25108,0.533277,0.64205,0.45602,0.541931,0.272903,1023438,508556,False,15,9349,2
2026-09-07T15:01:19,hunyuan_diagonal_v1_elev40,obj11_gearbox_ec05.stl,obj11.glb,0.034942,0.405437,0.60501,0.30487,0.649019,0.83417,0.53113,0.606196,0.166497,1038210,516303,False,38,8105,3
2026-09-07T15:01:40,hunyuan_diagonal_v1_elev40,obj12_actuator_ra120sr.stl,obj12.glb,0.053285,0.312765,0.67519,0.20352,0.467987,0.84936,0.32297,0.662391,0.817391,952358,473910,False,27,6429,4
2026-09-07T15:01:57,hunyuan_diagonal_v1_elev40,obj13_gripper_sgm.stl,obj13.glb,0.05823,0.268397,0.5943,0.17334,0.451352,0.84591,0.30779,0.539436,0.407178,1162124,575922,False,40,14787,9
2026-09-07T15:02:10,hunyuan_diagonal_v1_elev40,obj14_gripper_sngv.stl,obj14.glb,0.032888,0.481715,0.53499,0.43809,0.731923,0.80315,0.6723,0.578056,0.478366,657660,324131,False,59,13473,5
2026-09-07T15:02:25,hunyuan_diagonal_v1_elev40,obj15_gripper_swgm.stl,obj15.glb,0.080376,0.256582,0.28699,0.232,0.451581,0.48614,0.42161,0.517581,0.213016,1326246,655765,False,53,20633,8
2026-09-07T15:02:34,hunyuan_diagonal_v1_elev40,obj16_gripper_gsfga.stl,obj16.glb,0.027546,0.504505,0.70037,0.39425,0.775271,0.91573,0.67217,0.734296,0.500702,521330,259579,False,13,3018,7
2026-09-07T15:02:46,hunyuan_diagonal_v1_elev40,obj17_adapterplate_nl12.stl,obj17.glb,0.029578,0.465592,0.47109,0.46022,0.782761,0.83503,0.73665,0.63128,0.586623,2827908,1402932,False,77,30780,32
2026-09-07T15:02:58,hunyuan_diagonal_v1_elev40,obj18_flangeplate_e43006.stl,obj18.glb,0.012063,0.83337,0.84391,0.82309,0.947077,0.96374,0.93098,0.852331,0.790519,1309960,652283,False,5,7944,1
2026-09-07T15:03:21,hunyuan_diagonal_v1_elev40,obj19_hingedbushing_cl5040.stl,obj19.glb,0.064774,0.248884,0.26897,0.23159,0.438251,0.4501,0.42701,0.583825,0.445134,796412,395901,False,2,6878,7
2026-09-07T15:03:38,hunyuan_diagonal_v1_elev40,obj20_enclosure_rspro.stl,obj20.glb,0.038423,0.266211,0.27057,0.26199,0.583873,0.61453,0.55613,0.794811,0.122451,1255832,624883,False,16,8713,1
2026-09-07T15:03:55,hunyuan_diagonal_v1_elev40,obj21_enclosure_camdenboss.stl,obj21.glb,0.032022,0.432457,0.39351,0.47996,0.644738,0.61556,0.67682,0.665228,0.140475,1691080,833721,False,142,33716,5
2026-09-07T15:04:05,hunyuan_diagonal_v1_elev40,obj22_junctionbox_23nct1.stl,obj22.glb,0.031944,0.525121,0.7427,0.40614,0.730203,0.91409,0.60791,0.587255,0.487492,578456,284489,False,103,13142,13
2026-09-07T15:04:15,hunyuan_diagonal_v1_elev40,obj23_gasspring_kgl28.stl,obj23.glb,0.012817,0.936777,0.92164,0.95242,0.973601,0.96389,0.98351,0.90751,0.749758,88724,44150,False,0,631,1
2026-09-07T15:04:31,hunyuan_diagonal_v1_elev40,obj24_manifold_hm031p024s.stl,obj24.glb,0.049633,0.28944,0.32333,0.26198,0.563181,0.62726,0.51098,0.683854,0.594559,2489120,1235677,False,64,25457,45
2026-09-07T15:04:43,hunyuan_diagonal_v1_elev40,obj25_valveblock_ad03pb042s.stl,obj25.glb,0.078364,0.308574,0.44823,0.23527,0.440476,0.64571,0.33424,0.596093,0.41513,674922,335314,False,11,6291,2
2026-09-07T15:04:55,hunyuan_diagonal_v1_elev40,obj26_flywheel_gdfl.stl,obj26.glb,0.012927,0.825495,0.84545,0.80646,0.96875,0.97091,0.9666,0.739792,0.64876,1586252,785057,False,163,22827,1
2026-09-07T15:05:05,hunyuan_diagonal_v1_elev40,obj27_vbeltpulley_spb17b.stl,obj27.glb,0.019647,0.632603,0.61406,0.6523,0.894588,0.88387,0.90557,0.569973,0.354973,2069080,907229,False,9393,271843,1
2026-09-07T15:05:15,hunyuan_diagonal_v1_elev40,obj28_conveyorroller_600.stl,obj28.glb,0.013979,0.9021,0.9446,0.86326,0.92999,0.96791,0.89493,0.94811,0.795113,358704,179107,False,0,738,2
2026-09-07T15:05:32,hunyuan_diagonal_v1_elev40,obj29_telescopicslide_ahh150.stl,obj29.glb,0.014142,0.754201,0.73566,0.7737,0.933055,0.8763,0.99767,0.800344,0.564961,397778,194088,False,31,13562,1
2026-09-07T15:05:40,hunyuan_diagonal_v1_elev40,obj30_turnbuckle_vrh10.stl,obj30.glb,0.013346,0.760762,0.81601,0.71252,0.983735,0.97675,0.99082,0.77207,0.59788,113884,56448,False,0,1451,1
2026-09-07T15:05:55,hunyuan_backdrop_v1_elev0,obj01_dr500.stl,obj01.glb,0.011591,0.933482,0.91618,0.95145,0.972937,0.9609,0.98528,0.929344,0.906516,2521024,1259160,False,0,4015,2
2026-09-07T15:06:07,hunyuan_backdrop_v1_elev0,obj02_motor_smk.stl,obj02.glb,0.03527,0.421203,0.43977,0.40414,0.685393,0.7138,0.65916,0.630778,0.757408,813178,405120,False,9,4206,1
2026-09-07T15:06:19,hunyuan_backdrop_v1_elev0,obj03_agl5h18.stl,obj03.glb,0.063037,0.27508,0.31194,0.24601,0.481537,0.53057,0.4408,0.532307,0.466329,658508,327835,False,6,4064,1
2026-09-07T15:06:33,hunyuan_backdrop_v1_elev0,obj04_indexer_110da.stl,obj04.glb,0.033426,0.462897,0.50689,0.42593,0.721871,0.76624,0.68236,0.668927,0.755016,1006978,501587,False,6,5556,1
2026-09-07T15:06:45,hunyuan_backdrop_v1_elev0,obj05_softbrake_7347.stl,obj05.glb,0.09514,0.247191,0.39087,0.18075,0.401676,0.58418,0.30606,0.589689,0.191513,1234760,615001,False,5,7007,12
2026-09-07T15:07:01,hunyuan_backdrop_v1_elev0,obj06_swivel_dsh.stl,obj06.glb,0.030927,0.469231,0.5569,0.40541,0.755512,0.87339,0.66567,0.676127,0.719525,2056984,1024283,False,9,12367,6
2026-09-07T15:07:19,hunyuan_backdrop_v1_elev0,obj07_pmpf_pump.stl,obj07.glb,0.028723,0.398601,0.41336,0.38486,0.787381,0.80072,0.77448,0.858277,0.807292,1037702,516165,False,17,7903,1
2026-09-07T15:07:32,hunyuan_backdrop_v1_elev0,obj08_air_bearing.stl,obj08.glb,0.037881,0.456354,0.5812,0.37566,0.715957,0.89044,0.59865,0.725774,0.837176,1612042,803372,False,8,7844,8
2026-09-07T15:07:44,hunyuan_backdrop_v1_elev0,obj09_flangebearing_ssucf.stl,obj09.glb,0.02519,0.628062,0.65551,0.60282,0.851968,0.88133,0.8245,0.763758,0.674988,1639310,817851,False,12,5278,7
2026-09-07T15:07:54,hunyuan_backdrop_v1_elev0,obj10_pillowblock_ucpx1.stl,obj10.glb,0.028831,0.492348,0.62022,0.40819,0.709791,0.86682,0.60093,0.717793,0.708122,681460,339629,False,23,3052,1
2026-09-07T15:08:08,hunyuan_backdrop_v1_elev0,obj11_gearbox_ec05.stl,obj11.glb,0.037793,0.370821,0.47588,0.30376,0.622158,0.69384,0.5639,0.592675,0.259404,960122,476871,False,31,9405,12
2026-09-07T15:08:29,hunyuan_backdrop_v1_elev0,obj12_actuator_ra120sr.stl,obj12.glb,0.05222,0.264325,0.61847,0.16808,0.479011,0.95821,0.31932,0.661007,0.863179,877488,434707,False,71,11081,7
2026-09-07T15:08:45,hunyuan_backdrop_v1_elev0,obj13_gripper_sgm.stl,obj13.glb,0.041313,0.395554,0.71951,0.27275,0.620907,0.93628,0.46446,0.64988,0.83588,1239156,614476,False,19,13921,1
2026-09-07T15:08:57,hunyuan_backdrop_v1_elev0,obj14_gripper_sngv.stl,obj14.glb,0.088658,0.244353,0.29574,0.20818,0.431773,0.4953,0.38269,0.519723,0.301196,374492,184197,False,6,8237,1
2026-09-07T15:09:14,hunyuan_backdrop_v1_elev0,obj15_gripper_swgm.stl,obj15.glb,0.084389,0.228003,0.22869,0.22732,0.404592,0.38951,0.42089,0.518969,0.25382,1645176,817713,False,14,13843,14
2026-09-07T15:09:23,hunyuan_backdrop_v1_elev0,obj16_gripper_gsfga.stl,obj16.glb,0.022,0.630577,0.94873,0.47222,0.858765,0.99036,0.75804,0.859763,0.772192,407550,202762,False,1,2811,1
2026-09-07T15:09:32,hunyuan_backdrop_v1_elev0,obj17_adapterplate_nl12.stl,obj17.glb,0.014925,0.709905,0.72964,0.69121,0.995209,0.99774,0.99269,0.795711,0.790329,1260598,628656,False,6,4616,2
2026-09-07T15:09:43,hunyuan_backdrop_v1_elev0,obj18_flangeplate_e43006.stl,obj18.glb,0.009988,0.90645,0.90711,0.90579,0.985267,0.98352,0.98702,0.928738,0.749925,980702,489320,False,1,2912,1
2026-09-07T15:10:02,hunyuan_backdrop_v1_elev0,obj19_hingedbushing_cl5040.stl,obj19.glb,0.061996,0.263527,0.28236,0.24705,0.471368,0.48297,0.46031,0.609535,0.475364,662188,327167,False,4,11418,1
2026-09-07T15:10:21,hunyuan_backdrop_v1_elev0,obj20_enclosure_rspro.stl,obj20.glb,0.123911,0.127609,0.10253,0.16893,0.243574,0.18725,0.34836,0.456938,0.075073,4117140,1997939,False,53,168558,115
2026-09-07T15:10:35,hunyuan_backdrop_v1_elev0,obj21_enclosure_camdenboss.stl,obj21.glb,0.03429,0.526941,0.52274,0.53121,0.692838,0.71036,0.67616,0.47262,0.267066,1099652,546275,False,6,10069,1
2026-09-07T15:10:44,hunyuan_backdrop_v1_elev0,obj22_junctionbox_23nct1.stl,obj22.glb,0.029284,0.537154,0.77885,0.40994,0.732094,0.94719,0.59661,0.683732,0.692169,351078,175283,False,1,767,1
2026-09-07T15:10:53,hunyuan_backdrop_v1_elev0,obj23_gasspring_kgl28.stl,obj23.glb,0.006541,0.946952,0.95213,0.94183,0.998119,0.99889,0.99735,0.912621,0.85859,98014,48912,False,0,280,1
2026-09-07T15:11:07,hunyuan_backdrop_v1_elev0,obj24_manifold_hm031p024s.stl,obj24.glb,0.116829,0.097215,0.11002,0.08708,0.19643,0.22478,0.17443,0.57406,0.460816,1603644,801824,True,0,0,1
2026-09-07T15:11:18,hunyuan_backdrop_v1_elev0,obj25_valveblock_ad03pb042s.stl,obj25.glb,0.230095,0.029024,0.02652,0.03205,0.064256,0.05781,0.07232,0.489459,0.227683,2356428,1177060,False,1,3432,1
2026-09-07T15:11:28,hunyuan_backdrop_v1_elev0,obj26_flywheel_gdfl.stl,obj26.glb,0.00899,0.918625,0.96959,0.87275,0.967233,0.99166,0.94398,0.811566,0.86803,975866,486729,False,11,3431,1
2026-09-07T15:11:33,hunyuan_backdrop_v1_elev0,obj27_vbeltpulley_spb17b.stl,obj27.glb,0.016988,0.799322,0.68891,0.95188,0.900687,0.82028,0.99857,0.598782,0.569884,986954,492718,False,0,2219,1
2026-09-07T15:11:44,hunyuan_backdrop_v1_elev0,obj28_conveyorroller_600.stl,obj28.glb,0.009888,0.999175,0.99949,0.99886,0.99997,1.0,0.99994,0.979511,0.864315,216440,108124,False,0,285,1
2026-09-07T15:12:02,hunyuan_backdrop_v1_elev0,obj29_telescopicslide_ahh150.stl,obj29.glb,0.01305,0.705835,0.99979,0.54546,0.99293,1.0,0.98596,0.833676,0.807911,184450,91882,False,1,1012,1
2026-09-07T15:12:09,hunyuan_backdrop_v1_elev0,obj30_turnbuckle_vrh10.stl,obj30.glb,0.007247,0.86528,0.9975,0.76401,0.999244,1.0,0.99849,0.878004,0.861008,102278,50662,False,1,1366,1
2026-09-07T15:12:24,hunyuan_backdrop_v1_elev10,obj01_dr500.stl,obj01.glb,0.018582,0.724384,0.71027,0.73907,0.958684,0.93717,0.98121,0.89701,0.860788,2545038,1271309,False,0,3542,1
2026-09-07T15:12:37,hunyuan_backdrop_v1_elev10,obj02_motor_smk.stl,obj02.glb,0.033141,0.460016,0.49877,0.42685,0.718265,0.75941,0.68135,0.636126,0.789347,806062,400926,False,7,6049,2
2026-09-07T15:12:49,hunyuan_backdrop_v1_elev10,obj03_agl5h18.stl,obj03.glb,0.061587,0.256093,0.29369,0.22703,0.465687,0.51657,0.42393,0.527035,0.41844,650268,322992,False,3,6128,3
2026-09-07T15:13:04,hunyuan_backdrop_v1_elev10,obj04_indexer_110da.stl,obj04.glb,0.024572,0.57369,0.5782,0.56925,0.801798,0.80417,0.79944,0.748992,0.806068,1316354,654098,False,24,11664,3
2026-09-07T15:13:14,hunyuan_backdrop_v1_elev10,obj05_softbrake_7347.stl,obj05.glb,0.029282,0.464894,0.69571,0.34908,0.747628,0.92979,0.62515,0.710968,0.775143,1348628,671382,False,42,8215,3
2026-09-07T15:13:30,hunyuan_backdrop_v1_elev10,obj06_swivel_dsh.stl,obj06.glb,0.038187,0.334696,0.41628,0.27985,0.627985,0.75979,0.53515,0.656356,0.741346,2148878,1070424,False,35,11679,5
2026-09-07T15:13:47,hunyuan_backdrop_v1_elev10,obj07_pmpf_pump.stl,obj07.glb,0.024242,0.608812,0.61893,0.59902,0.868628,0.86545,0.87183,0.860683,0.839342,1127252,560249,False,24,9541,5
2026-09-07T15:14:01,hunyuan_backdrop_v1_elev10,obj08_air_bearing.stl,obj08.glb,0.036244,0.468347,0.54067,0.41309,0.696232,0.83345,0.59781,0.702201,0.801774,1706904,849672,False,39,10987,16
2026-09-07T15:14:12,hunyuan_backdrop_v1_elev10,obj09_flangebearing_ssucf.stl,obj09.glb,0.019103,0.706002,0.77364,0.64924,0.913708,0.98809,0.84974,0.809331,0.84658,1474762,735949,False,8,4227,15
2026-09-07T15:14:22,hunyuan_backdrop_v1_elev10,obj10_pillowblock_ucpx1.stl,obj10.glb,0.019487,0.687835,0.80892,0.59828,0.858607,0.96125,0.77577,0.784436,0.835456,711140,354023,False,21,4411,1
2026-09-07T15:14:36,hunyuan_backdrop_v1_elev10,obj11_gearbox_ec05.stl,obj11.glb,0.035718,0.405373,0.52358,0.33071,0.655507,0.73531,0.59133,0.591233,0.250418,1012422,503000,False,22,9288,2
2026-09-07T15:14:57,hunyuan_backdrop_v1_elev10,obj12_actuator_ra120sr.stl,obj12.glb,0.051168,0.324698,0.86557,0.19983,0.479486,0.99924,0.31542,0.719263,0.927669,872324,433589,False,44,6966,4
2026-09-07T15:15:14,hunyuan_backdrop_v1_elev10,obj13_gripper_sgm.stl,obj13.glb,0.046569,0.226378,0.33122,0.17195,0.45774,0.6231,0.36174,0.605316,0.721731,1375890,685144,False,17,8302,2
2026-09-07T15:15:26,hunyuan_backdrop_v1_elev10,obj14_gripper_sngv.stl,obj14.glb,0.087676,0.261478,0.28912,0.23866,0.45093,0.49267,0.41571,0.525992,0.28321,462230,228591,False,30,6888,2
2026-09-07T15:15:42,hunyuan_backdrop_v1_elev10,obj15_gripper_swgm.stl,obj15.glb,0.083837,0.222185,0.2252,0.21925,0.404716,0.39271,0.41748,0.508331,0.252391,1588738,788232,False,84,17280,4
2026-09-07T15:15:52,hunyuan_backdrop_v1_elev10,obj16_gripper_gsfga.stl,obj16.glb,0.0228,0.600195,0.86803,0.45867,0.856106,0.98529,0.75687,0.816293,0.702085,413116,205597,False,0,2834,1
2026-09-07T15:16:00,hunyuan_backdrop_v1_elev10,obj17_adapterplate_nl12.stl,obj17.glb,0.015291,0.495434,0.53314,0.46271,0.999785,0.99959,0.99998,0.825332,0.800273,1220588,609378,False,2,2542,5
2026-09-07T15:16:11,hunyuan_backdrop_v1_elev10,obj18_flangeplate_e43006.stl,obj18.glb,0.009054,0.899188,0.90496,0.89349,0.987699,0.98872,0.98668,0.927705,0.747017,947726,473484,False,0,1099,1
2026-09-07T15:16:36,hunyuan_backdrop_v1_elev10,obj19_hingedbushing_cl5040.stl,obj19.glb,0.055466,0.297941,0.32478,0.2752,0.508966,0.5289,0.49048,0.653632,0.514608,754466,373182,False,18,11790,1
2026-09-07T15:16:48,hunyuan_backdrop_v1_elev10,obj20_enclosure_rspro.stl,obj20.glb,0.014761,0.781676,0.81351,0.75224,0.907825,0.90312,0.91258,0.864532,0.571633,905796,452253,False,0,1877,1
2026-09-07T15:17:05,hunyuan_backdrop_v1_elev10,obj21_enclosure_camdenboss.stl,obj21.glb,0.032303,0.524725,0.48149,0.57649,0.680054,0.60058,0.78377,0.666634,0.131726,1063944,527795,False,39,11728,2
2026-09-07T15:17:13,hunyuan_backdrop_v1_elev10,obj22_junctionbox_23nct1.stl,obj22.glb,0.024037,0.632778,0.82408,0.51356,0.800571,0.95653,0.68834,0.660604,0.721979,419310,207812,False,51,5270,1
2026-09-07T15:17:22,hunyuan_backdrop_v1_elev10,obj23_gasspring_kgl28.stl,obj23.glb,0.006006,0.941325,0.94823,0.93452,0.995058,0.99647,0.99365,0.910798,0.863015,97830,48660,False,0,761,1
2026-09-07T15:17:35,hunyuan_backdrop_v1_elev10,obj24_manifold_hm031p024s.stl,obj24.glb,0.028251,0.704525,0.71706,0.69242,0.792579,0.80248,0.78292,0.740536,0.820112,1544452,770186,False,41,5906,1
2026-09-07T15:17:44,hunyuan_backdrop_v1_elev10,obj25_valveblock_ad03pb042s.stl,obj25.glb,0.035832,0.242835,0.27192,0.21937,0.70592,0.81294,0.6238,0.716653,0.722979,678890,337888,False,7,4576,1
2026-09-07T15:17:54,hunyuan_backdrop_v1_elev10,obj26_flywheel_gdfl.stl,obj26.glb,0.008058,0.928932,0.96981,0.89136,0.977791,0.99248,0.96353,0.811927,0.880302,1012828,504706,False,18,4835,1
2026-09-07T15:18:00,hunyuan_backdrop_v1_elev10,obj27_vbeltpulley_spb17b.stl,obj27.glb,0.008082,0.97887,0.97848,0.97926,0.99957,1.0,0.99914,0.796524,0.698194,764576,381452,False,0,2466,1
2026-09-07T15:18:09,hunyuan_backdrop_v1_elev10,obj28_conveyorroller_600.stl,obj28.glb,0.009271,0.999485,1.0,0.99897,0.99999,1.0,0.99998,0.9821,0.875021,215540,107669,False,0,303,1
2026-09-07T15:18:27,hunyuan_backdrop_v1_elev10,obj29_telescopicslide_ahh150.stl,obj29.glb,0.010265,0.802575,0.99998,0.67026,1.0,1.0,1.0,0.820212,0.709942,221148,107640,False,5,8514,1
2026-09-07T15:18:34,hunyuan_backdrop_v1_elev10,obj30_turnbuckle_vrh10.stl,obj30.glb,0.00817,0.869728,0.9921,0.77423,0.999249,1.0,0.9985,0.841465,0.806966,103598,51405,False,4,1097,1
2026-09-07T15:18:49,hunyuan_backdrop_v1_elev30,obj01_dr500.stl,obj01.glb,0.030912,0.509778,0.52791,0.49285,0.785355,0.81679,0.75625,0.751458,0.702825,2370250,1183528,False,8,4661,11
2026-09-07T15:19:02,hunyuan_backdrop_v1_elev30,obj02_motor_smk.stl,obj02.glb,0.034654,0.454742,0.48564,0.42754,0.70088,0.74475,0.66189,0.656143,0.787327,827364,411890,False,11,5192,6
2026-09-07T15:19:14,hunyuan_backdrop_v1_elev30,obj03_agl5h18.stl,obj03.glb,0.064057,0.223003,0.25944,0.19554,0.430253,0.48576,0.38613,0.540083,0.426744,626710,311069,False,19,6539,2
2026-09-07T15:19:28,hunyuan_backdrop_v1_elev30,obj04_indexer_110da.stl,obj04.glb,0.024062,0.540305,0.55461,0.52672,0.878155,0.90439,0.8534,0.764336,0.807161,1325432,659600,False,26,8959,11
2026-09-07T15:19:38,hunyuan_backdrop_v1_elev30,obj05_softbrake_7347.stl,obj05.glb,0.033247,0.413017,0.61046,0.31208,0.682,0.83672,0.57557,0.674295,0.722058,1472908,734464,False,28,5774,2
2026-09-07T15:19:54,hunyuan_backdrop_v1_elev30,obj06_swivel_dsh.stl,obj06.glb,0.036752,0.374416,0.43923,0.32627,0.633262,0.73062,0.5588,0.67255,0.73317,2167356,1080055,False,26,10650,3
2026-09-07T15:20:11,hunyuan_backdrop_v1_elev30,obj07_pmpf_pump.stl,obj07.glb,0.020847,0.684258,0.68543,0.68309,0.908251,0.90194,0.91465,0.880147,0.856996,1072298,534110,False,6,6008,5
2026-09-07T15:20:25,hunyuan_backdrop_v1_elev30,obj08_air_bearing.stl,obj08.glb,0.03453,0.538811,0.67541,0.44817,0.747663,0.90311,0.63787,0.711286,0.863713,1788784,891011,False,6,9939,24
2026-09-07T15:20:37,hunyuan_backdrop_v1_elev30,obj09_flangebearing_ssucf.stl,obj09.glb,0.027201,0.429272,0.43974,0.41929,0.76612,0.77837,0.75425,0.701428,0.674792,1433390,714956,False,27,4972,1
2026-09-07T15:20:48,hunyuan_backdrop_v1_elev30,obj10_pillowblock_ucpx1.stl,obj10.glb,0.016849,0.750876,0.83913,0.67942,0.914434,0.97544,0.86061,0.778016,0.795502,710870,354032,False,24,3843,1
2026-09-07T15:21:01,hunyuan_backdrop_v1_elev30,obj11_gearbox_ec05.stl,obj11.glb,0.038474,0.370612,0.49906,0.29475,0.617503,0.72351,0.53859,0.591484,0.230578,889548,441148,False,44,10314,5
2026-09-07T15:21:21,hunyuan_backdrop_v1_elev30,obj12_actuator_ra120sr.stl,obj12.glb,0.047104,0.312658,0.69355,0.20182,0.528728,0.95752,0.36519,0.682384,0.849646,905380,449953,False,16,7908,2
2026-09-07T15:21:40,hunyuan_backdrop_v1_elev30,obj13_gripper_sgm.stl,obj13.glb,0.101153,0.179433,0.24881,0.14031,0.318515,0.38785,0.27021,0.530574,0.4678,2081686,1035920,False,24,14469,15
2026-09-07T15:21:51,hunyuan_backdrop_v1_elev30,obj14_gripper_sngv.stl,obj14.glb,0.015021,0.763527,0.84706,0.69499,0.947266,0.99119,0.90707,0.685348,0.770655,418242,206672,False,5,6660,2
2026-09-07T15:22:08,hunyuan_backdrop_v1_elev30,obj15_gripper_swgm.stl,obj15.glb,0.085891,0.23731,0.23719,0.23743,0.421295,0.40538,0.43851,0.519027,0.22318,1753390,867604,False,128,25891,13
2026-09-07T15:22:17,hunyuan_backdrop_v1_elev30,obj16_gripper_gsfga.stl,obj16.glb,0.024151,0.553553,0.80344,0.42223,0.821918,0.96494,0.71582,0.783164,0.651854,447634,222934,False,4,2536,4
2026-09-07T15:22:26,hunyuan_backdrop_v1_elev30,obj17_adapterplate_nl12.stl,obj17.glb,0.011828,0.848888,0.85023,0.84755,0.975684,0.98125,0.97018,0.825164,0.88959,1343004,669855,False,9,4600,1
2026-09-07T15:22:37,hunyuan_backdrop_v1_elev30,obj18_flangeplate_e43006.stl,obj18.glb,0.01175,0.862307,0.86403,0.86059,0.959487,0.95791,0.96107,0.911652,0.724634,951508,475346,False,0,1199,1
2026-09-07T15:23:02,hunyuan_backdrop_v1_elev30,obj19_hingedbushing_cl5040.stl,obj19.glb,0.056186,0.292661,0.32315,0.26743,0.5031,0.53616,0.47388,0.64389,0.50444,706792,350590,False,2,8185,1
2026-09-07T15:23:16,hunyuan_backdrop_v1_elev30,obj20_enclosure_rspro.stl,obj20.glb,0.034317,0.477977,0.45121,0.50812,0.693131,0.62753,0.77405,0.686606,0.220299,1086762,542581,False,0,2366,3
2026-09-07T15:23:33,hunyuan_backdrop_v1_elev30,obj21_enclosure_camdenboss.stl,obj21.glb,0.032466,0.452243,0.42067,0.48894,0.653298,0.59817,0.71962,0.660279,0.145458,1220828,604196,False,40,17732,1
2026-09-07T15:23:43,hunyuan_backdrop_v1_elev30,obj22_junctionbox_23nct1.stl,obj22.glb,0.040172,0.367772,0.53962,0.27894,0.578835,0.83244,0.44367,0.602531,0.630341,449032,221617,False,23,8453,1
2026-09-07T15:23:52,hunyuan_backdrop_v1_elev30,obj23_gasspring_kgl28.stl,obj23.glb,0.007183,0.937744,0.94273,0.93281,0.989139,0.98826,0.99002,0.909336,0.845372,98406,49138,False,0,192,1
2026-09-07T15:24:07,hunyuan_backdrop_v1_elev30,obj24_manifold_hm031p024s.stl,obj24.glb,0.027877,0.586932,0.54512,0.63569,0.796207,0.7494,0.84925,0.749346,0.810149,1909534,949299,False,45,15653,11
2026-09-07T15:24:16,hunyuan_backdrop_v1_elev30,obj25_valveblock_ad03pb042s.stl,obj25.glb,0.032717,0.346978,0.34791,0.34605,0.693643,0.6886,0.69876,0.663606,0.764892,818766,407059,False,8,6846,7
2026-09-07T15:24:26,hunyuan_backdrop_v1_elev30,obj26_flywheel_gdfl.stl,obj26.glb,0.008791,0.901655,0.94133,0.86519,0.972093,0.98631,0.95828,0.789564,0.850358,1011044,503546,False,45,5644,1
2026-09-07T15:24:32,hunyuan_backdrop_v1_elev30,obj27_vbeltpulley_spb17b.stl,obj27.glb,0.010685,0.848352,0.83139,0.86602,0.988537,0.99031,0.98677,0.727532,0.719326,813166,405517,False,7,3079,1
2026-09-07T15:24:41,hunyuan_backdrop_v1_elev30,obj28_conveyorroller_600.stl,obj28.glb,0.007969,0.999455,1.0,0.99891,0.999995,1.0,0.99999,0.984561,0.891596,213520,106535,False,7,637,1
2026-09-07T15:25:00,hunyuan_backdrop_v1_elev30,obj29_telescopicslide_ahh150.stl,obj29.glb,0.009543,0.851623,0.99987,0.74166,1.0,1.0,1.0,0.842021,0.78325,241504,119205,False,23,4470,1
2026-09-07T15:25:07,hunyuan_backdrop_v1_elev30,obj30_turnbuckle_vrh10.stl,obj30.glb,0.010062,0.831559,0.94894,0.74002,0.997705,1.0,0.99542,0.818804,0.724566,109060,53802,False,2,1862,1
2026-09-07T15:25:22,hunyuan_backdrop_v1_elev40,obj01_dr500.stl,obj01.glb,0.03352,0.508139,0.52993,0.48807,0.748793,0.79078,0.71104,0.749143,0.694789,2256726,1125867,False,7,7321,24
2026-09-07T15:25:35,hunyuan_backdrop_v1_elev40,obj02_motor_smk.stl,obj02.glb,0.037997,0.389815,0.41181,0.37005,0.667353,0.70236,0.63567,0.62786,0.755327,867034,430904,False,23,7401,2
2026-09-07T15:25:47,hunyuan_backdrop_v1_elev40,obj03_agl5h18.stl,obj03.glb,0.063812,0.232976,0.27878,0.2001,0.441415,0.51206,0.3879,0.536727,0.425227,578260,287683,False,5,4226,2
2026-09-07T15:26:02,hunyuan_backdrop_v1_elev40,obj04_indexer_110da.stl,obj04.glb,0.050926,0.25048,0.25037,0.25059,0.473862,0.48128,0.46667,0.629962,0.635276,1614310,801652,False,63,16063,23
2026-09-07T15:26:12,hunyuan_backdrop_v1_elev40,obj05_softbrake_7347.stl,obj05.glb,0.033662,0.402224,0.57736,0.30861,0.664463,0.78388,0.57662,0.649097,0.640033,1262814,629569,False,9,5315,10
2026-09-07T15:26:29,hunyuan_backdrop_v1_elev40,obj06_swivel_dsh.stl,obj06.glb,0.039733,0.353317,0.42426,0.3027,0.597455,0.70226,0.51987,0.667845,0.746025,2228454,1110073,False,14,11942,9
2026-09-07T15:26:48,hunyuan_backdrop_v1_elev40,obj07_pmpf_pump.stl,obj07.glb,0.029316,0.495211,0.46548,0.529,0.777266,0.73935,0.81928,0.809086,0.815452,1118498,556427,False,15,8383,20
2026-09-07T15:27:01,hunyuan_backdrop_v1_elev40,obj08_air_bearing.stl,obj08.glb,0.038292,0.470609,0.62089,0.3789,0.684545,0.85325,0.57154,0.702451,0.83749,1631992,814110,False,11,5563,14
2026-09-07T15:27:14,hunyuan_backdrop_v1_elev40,obj09_flangebearing_ssucf.stl,obj09.glb,0.031364,0.312396,0.31674,0.30817,0.721499,0.73116,0.71209,0.675694,0.630984,1348186,671212,False,71,8232,2
2026-09-07T15:27:24,hunyuan_backdrop_v1_elev40,obj10_pillowblock_ucpx1.stl,obj10.glb,0.01712,0.750802,0.83455,0.68233,0.916806,0.97213,0.86744,0.780089,0.793768,718470,357939,False,40,3696,1
2026-09-07T15:27:37,hunyuan_backdrop_v1_elev40,obj11_gearbox_ec05.stl,obj11.glb,0.045094,0.319887,0.45299,0.24724,0.534614,0.65152,0.45328,0.596601,0.184611,778276,385548,False,30,10304,2
2026-09-07T15:27:57,hunyuan_backdrop_v1_elev40,obj12_actuator_ra120sr.stl,obj12.glb,0.047561,0.275763,0.61738,0.17753,0.493195,0.92045,0.33684,0.631276,0.763642,792998,394715,False,25,5109,2
2026-09-07T15:28:17,hunyuan_backdrop_v1_elev40,obj13_gripper_sgm.stl,obj13.glb,0.099579,0.170704,0.21402,0.14197,0.307779,0.33944,0.28152,0.527242,0.467886,2494724,1242269,False,8,15033,18
2026-09-07T15:28:28,hunyuan_backdrop_v1_elev40,obj14_gripper_sngv.stl,obj14.glb,0.018142,0.618331,0.67398,0.57117,0.927412,0.95901,0.89783,0.6139,0.66455,415552,204413,False,43,9097,1
2026-09-07T15:28:45,hunyuan_backdrop_v1_elev40,obj15_gripper_swgm.stl,obj15.glb,0.086026,0.236447,0.23508,0.23783,0.425525,0.41076,0.44139,0.527732,0.215377,1716588,850707,False,54,21198,8
2026-09-07T15:28:55,hunyuan_backdrop_v1_elev40,obj16_gripper_gsfga.stl,obj16.glb,0.027372,0.499777,0.69319,0.39075,0.778117,0.91128,0.67891,0.752292,0.60947,485576,241417,False,6,3802,1
2026-09-07T15:29:02,hunyuan_backdrop_v1_elev40,obj17_adapterplate_nl12.stl,obj17.glb,0.021148,0.656016,0.6584,0.65365,0.821201,0.82907,0.81348,0.696466,0.641662,1146364,570739,False,12,6953,1
2026-09-07T15:29:13,hunyuan_backdrop_v1_elev40,obj18_flangeplate_e43006.stl,obj18.glb,0.010774,0.88927,0.88977,0.88877,0.976745,0.97236,0.98117,0.901286,0.733663,996846,497682,False,13,2120,1
2026-09-07T15:29:38,hunyuan_backdrop_v1_elev40,obj19_hingedbushing_cl5040.stl,obj19.glb,0.058712,0.263896,0.29369,0.23959,0.480661,0.5139,0.45146,0.634032,0.493646,727170,360896,False,1,7841,2
2026-09-07T15:29:54,hunyuan_backdrop_v1_elev40,obj20_enclosure_rspro.stl,obj20.glb,0.053353,0.278014,0.28817,0.26855,0.481962,0.45345,0.5143,0.669298,0.103741,1037302,517837,False,2,2218,1
2026-09-07T15:30:10,hunyuan_backdrop_v1_elev40,obj21_enclosure_camdenboss.stl,obj21.glb,0.03859,0.499459,0.45176,0.55842,0.680288,0.65093,0.71242,0.634873,0.145489,989558,490793,False,33,11431,7
2026-09-07T15:30:21,hunyuan_backdrop_v1_elev40,obj22_junctionbox_23nct1.stl,obj22.glb,0.041552,0.349104,0.35853,0.34016,0.60092,0.60856,0.59347,0.594383,0.562708,701538,341520,False,207,26110,5
2026-09-07T15:30:31,hunyuan_backdrop_v1_elev40,obj23_gasspring_kgl28.stl,obj23.glb,0.016619,0.785022,0.77403,0.79633,0.972142,0.96297,0.98149,0.906315,0.667698,87284,43442,False,0,598,1
2026-09-07T15:30:45,hunyuan_backdrop_v1_elev40,obj24_manifold_hm031p024s.stl,obj24.glb,0.027789,0.590719,0.58127,0.60048,0.808332,0.80022,0.81661,0.750363,0.806388,1657330,824177,False,59,13032,37
2026-09-07T15:30:54,hunyuan_backdrop_v1_elev40,obj25_valveblock_ad03pb042s.stl,obj25.glb,0.047902,0.287363,0.30917,0.26843,0.511767,0.56277,0.46924,0.633112,0.627445,719088,357117,False,0,7120,6
2026-09-07T15:31:05,hunyuan_backdrop_v1_elev40,obj26_flywheel_gdfl.stl,obj26.glb,0.009496,0.889254,0.91914,0.86125,0.971834,0.98106,0.96278,0.782264,0.764868,1001448,497901,False,34,7813,1
2026-09-07T15:31:12,hunyuan_backdrop_v1_elev40,obj27_vbeltpulley_spb17b.stl,obj27.glb,0.012849,0.762938,0.72852,0.80077,0.978853,0.98025,0.97746,0.696439,0.62701,794542,395798,False,20,4222,3
2026-09-07T15:31:22,hunyuan_backdrop_v1_elev40,obj28_conveyorroller_600.stl,obj28.glb,0.007184,0.999455,1.0,0.99891,0.999995,1.0,0.99999,0.984895,0.90363,211590,105652,False,10,412,1
2026-09-07T15:31:39,hunyuan_backdrop_v1_elev40,obj29_telescopicslide_ahh150.stl,obj29.glb,0.015357,0.707352,0.71754,0.69745,0.916288,0.84662,0.99845,0.817328,0.659773,237666,117158,False,1,5005,1
2026-09-07T15:31:46,hunyuan_backdrop_v1_elev40,obj30_turnbuckle_vrh10.stl,obj30.glb,0.01593,0.716586,0.88172,0.60355,0.975809,0.99808,0.95451,0.81279,0.625871,93654,46467,False,0,1064,1
